accession_0,name,std_hccf_feed,std_hccf_large,std_hccf_small,std_hccf_mab,std_hccf_lmw1,std_hccf_lmw2,native_hccf_feed,native_hccf_large,native_hccf_small,native_hccf_mab,native_hccf_lmw1,std_pafvin_feed,std_pafvin_large,std_pafvin_small,std_pafvin_mab,native_pafvin_feed,native_pafvin_large,native_pafvin_small,native_pafvin_mab,pI_mean,mass_mean,cysteine_cont_percent_mean,cysteine_num_mean,net_charge_mean,net_charge_neg_mean,net_charge_pos_mean,charge_dens_C_m2_mean,charge_dens_neg_C_m2_mean,charge_dens_pos_C_m2_mean,accession_1,accession_2,desc_lower,desc_lower_2,Biophorum DTR,Biophorum high-risk,Levy 2014 - Association,Zhang 2016 - Pro A,Levy 2016 - Coelution,Molden 2021 - 29 DS,Falkenberg 2019 - 6 DS,Kreimer 2017 - 1 DS
XP_027259953.1,plectin isoform X6 [Cricetulus griseus],TRUE,TRUE,TRUE,TRUE,TRUE,TRUE,TRUE,TRUE,TRUE,TRUE,TRUE,FALSE,TRUE,FALSE,FALSE,FALSE,TRUE,TRUE,FALSE,5.21048936149834,517321.486,0.704225352112676,32,-84.3941483561057,-780.52384905389,696.129700697784,-0.038163849708929,-0.352960429718851,0.314796580009922,,,plectin isoform x6,plectin isoform x6,,,,,,,plectin,
NP_001233668.1,endoplasmic reticulum chaperone BiP precursor [Cricetulus griseus],TRUE,TRUE,TRUE,TRUE,TRUE,TRUE,TRUE,TRUE,TRUE,TRUE,TRUE,TRUE,TRUE,TRUE,FALSE,TRUE,TRUE,TRUE,FALSE,4.53152839403677,72378.1518000003,0.458715596330275,3,-20.5680548003154,-111.943940430079,91.3758856297634,-0.0345118638340343,-0.187834681824597,0.153322817990563,,,endoplasmic reticulum chaperone bip precursor,endoplasmic reticulum chaperone bip precursor,,,,,,endoplasmic reticulum chaperone bip,,
XP_027260936.1,inter-alpha-trypsin inhibitor heavy chain H5 isoform X2 [Cricetulus griseus],TRUE,TRUE,TRUE,TRUE,TRUE,TRUE,TRUE,TRUE,TRUE,TRUE,TRUE,FALSE,TRUE,FALSE,FALSE,FALSE,TRUE,TRUE,FALSE,9.04657592053136,106537.642400001,0.840336134453782,8,10.0818948526922,-111.959206429702,122.041101282394,0.0130733522191074,-0.145179270485687,0.158252622704794,,,inter-alpha-trypsin inhibitor heavy chain h5 isoform x2,inter alpha trypsin inhibitor heavy chain h5 isoform x2,inter alpha trypsin inhibitor heavy chain h5 isoform x2,,,,inter alpha trypsin inhibitor heavy chain h5,inter alpha trypsin inhibitor heavy chain h5,,
XP_027246103.1,clusterin [Cricetulus griseus],TRUE,TRUE,TRUE,TRUE,TRUE,TRUE,TRUE,TRUE,TRUE,TRUE,TRUE,TRUE,TRUE,TRUE,FALSE,TRUE,TRUE,TRUE,TRUE,5.36198131754504,51757.1866000001,2.46085011185682,11,-10.0124117896158,-66.9679063765657,56.95549458695,-0.0210089871342014,-0.140518379890133,0.119509392755932,,,clusterin,clusterin,clusterin,clusterin,clusterin,clusterin,clusterin,clusterin,,clusterin
XP_027270674.1,pyruvate kinase PKM isoform X2 [Cricetulus griseus],TRUE,TRUE,TRUE,TRUE,TRUE,TRUE,TRUE,TRUE,TRUE,TRUE,TRUE,TRUE,TRUE,TRUE,FALSE,TRUE,TRUE,TRUE,FALSE,7.42707565731219,57893.1546000001,1.88323917137476,10,1.98385897619616,-67.9700237702984,69.9538827464945,0.0038631316313287,-0.13235676122134,0.136219892852668,,,pyruvate kinase pkm isoform x2,pyruvate kinase pkm isoform x2,pyruvate kinase,pyruvate kinase,,pyruvate kinase,,,,
NP_001233658.1,heat shock cognate 71 kDa protein [Cricetulus griseus],TRUE,TRUE,TRUE,TRUE,TRUE,TRUE,TRUE,TRUE,TRUE,TRUE,TRUE,FALSE,TRUE,TRUE,FALSE,TRUE,TRUE,TRUE,FALSE,4.71152092213983,70804.0614000003,0.619195046439629,4,-13.5822575160291,-96.9601989339997,83.3779414179707,-0.0231266840127156,-0.165095373866261,0.141968689853546,,,heat shock cognate 71 kda protein,heat shock cognate 71 kda protein,heat shock cognate 71 kda protein,,,heat shock cognate 71 kda protein,,,,
NP_001230968.1,elongation factor 2 [Cricetulus griseus],TRUE,TRUE,TRUE,TRUE,TRUE,TRUE,TRUE,TRUE,TRUE,TRUE,TRUE,FALSE,TRUE,TRUE,FALSE,TRUE,TRUE,TRUE,FALSE,6.88192380702411,95323.0147000005,1.98135198135198,17,-0.959186701347468,-114.953041086829,113.993854385481,-0.001339527053279,-0.160534657305182,0.159195130251903,,,elongation factor 2,elongation factor 2,elongation factor 2,,,elongation factor 2,,,,
XP_027254100.1,alpha-enolase isoform X2 [Cricetulus griseus],TRUE,TRUE,TRUE,TRUE,TRUE,TRUE,TRUE,TRUE,TRUE,TRUE,TRUE,FALSE,TRUE,TRUE,FALSE,TRUE,TRUE,TRUE,FALSE,6.28925247735082,47152.3089000001,1.38248847926267,6,-2.59450289447094,-57.9769228612821,55.3824199668111,-0.0057929400844382,-0.129449399008665,0.123656458924227,,,alpha-enolase isoform x2,alpha enolase isoform x2,alpha enolase,alpha enolase,alpha enolase,,,,,
NP_001233703.1,protein disulfide-isomerase A3 precursor [Cricetulus griseus],TRUE,TRUE,TRUE,TRUE,TRUE,TRUE,TRUE,TRUE,TRUE,TRUE,TRUE,FALSE,TRUE,FALSE,FALSE,FALSE,TRUE,TRUE,FALSE,6.28833586506349,56795.7327,1.58415841584158,8,-3.80790200936366,-77.9726042232167,74.1647022138531,-0.0075102687652952,-0.153784213093291,0.146273944327996,,,protein disulfide-isomerase a3 precursor,protein disulfide isomerase a3 precursor,protein disulfide isomerase,protein disulfide isomerase,,,,,,protein disulfide isomeras
XP_027265953.1,nucleobindin-2 isoform X2 [Cricetulus griseus],TRUE,TRUE,TRUE,TRUE,TRUE,TRUE,TRUE,TRUE,TRUE,TRUE,TRUE,FALSE,FALSE,FALSE,FALSE,FALSE,TRUE,TRUE,FALSE,4.57042100251958,50287.8544000001,0.476190476190476,2,-28.1587626553946,-97.9449142794025,69.7861516240079,-0.0602307608466483,-0.209501276043392,0.149270515196743,,,nucleobindin-2 isoform x2,nucleobindin 2 isoform x2,nucleobindin 2,,,,nucleobindin 2,,,
XP_027261047.1,vimentin [Cricetulus griseus],TRUE,TRUE,TRUE,TRUE,TRUE,TRUE,TRUE,TRUE,TRUE,TRUE,TRUE,FALSE,TRUE,FALSE,FALSE,FALSE,TRUE,TRUE,FALSE,4.53597431334015,53742.1314000001,0.214592274678112,1,-17.5708255361254,-84.9565831348992,67.3857575987739,-0.0359552595799922,-0.173847039421352,0.13789177984136,,,vimentin,vimentin,vimentin,,vimentin,,,,,
NP_001231504.1,"actin, cytoplasmic 1 [Cricetulus griseus]",TRUE,FALSE,FALSE,FALSE,TRUE,TRUE,TRUE,FALSE,FALSE,FALSE,TRUE,FALSE,TRUE,FALSE,FALSE,TRUE,TRUE,TRUE,FALSE,4.79345208911031,41737.2727000001,1.6,6,-10.8123658836596,-50.98481730289,40.1724514192304,-0.026186947355771,-0.123482384985892,0.0972954376301212,,,"actin, cytoplasmic 1",actin cytoplasmic 1,actin cytoplasmic 1,,actin,actin cytoplasmic 1,actin,,,
XP_027248343.1,endoplasmin [Cricetulus griseus],TRUE,TRUE,TRUE,TRUE,TRUE,TRUE,TRUE,TRUE,TRUE,TRUE,TRUE,FALSE,TRUE,TRUE,FALSE,TRUE,TRUE,TRUE,FALSE,4.20689054187587,92492.6760000005,0.623441396508728,5,-53.4920468833674,-171.91153178118,118.419484897813,-0.0762192211093426,-0.244951610856188,0.168732389746845,,,endoplasmin,endoplasmin,endoplasmin,,,,,,endoplasmin,
NP_001231783.1,glyceraldehyde-3-phosphate dehydrogenase [Cricetulus griseus],TRUE,TRUE,TRUE,TRUE,TRUE,TRUE,TRUE,TRUE,TRUE,TRUE,TRUE,FALSE,TRUE,TRUE,FALSE,TRUE,TRUE,TRUE,FALSE,9.13435031373957,35747.5106000001,1.2012012012012,4,4.13041625162356,-34.9924955087612,39.1229117603847,0.011092007076445,-0.0939704340096679,0.105062441086113,,,glyceraldehyde-3-phosphate dehydrogenase,glyceraldehyde 3 phosphate dehydrogenase,glyceraldehyde 3 phosphate dehydrogenase,,,,glyceraldehyde 3 phosphate dehydrogenase,,,
XP_027267107.1,peptidyl-prolyl cis-trans isomerase B [Cricetulus griseus],TRUE,TRUE,FALSE,FALSE,TRUE,TRUE,TRUE,TRUE,TRUE,FALSE,TRUE,FALSE,FALSE,FALSE,FALSE,FALSE,TRUE,TRUE,FALSE,10.1694914384577,23634.146,0.462962962962963,1,10.869761649183,-24.991536117068,35.8612977662511,0.0384627440186135,-0.0884327630472897,0.126895507065903,,,peptidyl-prolyl cis-trans isomerase b,peptidyl prolyl cis trans isomerase b,,,,peptidyl prolyl cis trans isomerase,,peptidyl prolyl cis trans isomerase,,
XP_027279241.1,phospholipid transfer protein isoform X1 [Cricetulus griseus],TRUE,TRUE,TRUE,TRUE,TRUE,TRUE,TRUE,TRUE,TRUE,TRUE,TRUE,TRUE,TRUE,TRUE,FALSE,TRUE,TRUE,TRUE,FALSE,6.66524054074619,54373.6167000001,0.811359026369168,4,-1.33399685490678,-46.9828533134439,45.6488564585371,-0.0027085873404973,-0.0953953986001951,0.0926868112596977,,,phospholipid transfer protein isoform x1,phospholipid transfer protein isoform x1,phospholipid transfer protein,,,,,,,
XP_027260430.1,fructose-bisphosphate aldolase A isoform X2 [Cricetulus griseus],TRUE,TRUE,TRUE,TRUE,TRUE,TRUE,TRUE,TRUE,TRUE,TRUE,TRUE,FALSE,FALSE,FALSE,FALSE,FALSE,TRUE,TRUE,FALSE,9.07192572219467,39381.4981,2.1978021978022,8,4.92131003038096,-38.9874816064084,43.9087916367894,0.0123898511715791,-0.0981545750371442,0.110544426208723,,,fructose-bisphosphate aldolase a isoform x2,fructose bisphosphate aldolase a isoform x2,fructose bisphosphate aldolase,,,,,,,
XP_027252619.1,collagen alpha-1(III) chain isoform X3 [Cricetulus griseus],TRUE,TRUE,TRUE,TRUE,TRUE,TRUE,TRUE,TRUE,TRUE,TRUE,TRUE,FALSE,FALSE,FALSE,FALSE,FALSE,TRUE,TRUE,FALSE,6.56247047785722,139095.661900001,1.50068212824011,22,-4.41806437479881,-129.936331617177,125.518267242378,-0.0047958968696202,-0.14104847580025,0.13625257893063,,,collagen alpha-1(iii) chain isoform x3,collagen alpha 1(iii) chain isoform x3,,,,,,collagen alpha ,,
XP_027270812.1,chondroitin sulfate proteoglycan 4 [Cricetulus griseus],TRUE,TRUE,TRUE,FALSE,FALSE,FALSE,TRUE,TRUE,TRUE,TRUE,TRUE,FALSE,FALSE,FALSE,FALSE,FALSE,TRUE,FALSE,FALSE,5.33735285393974,252066.2392,0.516573396470082,12,-60.3916184089703,-252.890899012131,192.49928060316,-0.0441042458048686,-0.184687257365975,0.140583011561106,,,chondroitin sulfate proteoglycan 4,chondroitin sulfate proteoglycan 4,chondroitin sulfate proteoglycan 4,,,,chondroitin sulfate proteoglycan 4,,chondroitin sulfate proteoglycan 4,
XP_027262348.1,annexin A1 [Cricetulus griseus],TRUE,FALSE,FALSE,TRUE,TRUE,TRUE,TRUE,TRUE,TRUE,TRUE,TRUE,FALSE,FALSE,FALSE,FALSE,FALSE,TRUE,TRUE,FALSE,7.05389984506632,38861.0593,1.44508670520231,5,0.141254022689685,-53.9805198446914,54.1217738673811,0.0003587880098074,-0.137111587441265,0.137470375451072,,,annexin a1,annexin a1,,,,,,annexin a1,,
NP_001233654.1,phosphoglycerate kinase 1 [Cricetulus griseus],TRUE,TRUE,TRUE,TRUE,TRUE,TRUE,TRUE,TRUE,TRUE,TRUE,TRUE,FALSE,TRUE,TRUE,FALSE,TRUE,TRUE,TRUE,FALSE,8.86499369503037,44562.0291,1.67865707434053,7,3.14302175950515,-50.9762823716168,54.119304131122,0.0072870363398263,-0.118187543878063,0.125474580217889,,,phosphoglycerate kinase 1,phosphoglycerate kinase 1,phosphoglycerate kinase,,,phosphoglycerate kinase 1,,phosphoglycerate kinase 1,,
XP_027245386.1,transketolase [Cricetulus griseus],TRUE,TRUE,TRUE,TRUE,TRUE,TRUE,TRUE,TRUE,TRUE,TRUE,TRUE,FALSE,TRUE,TRUE,FALSE,FALSE,TRUE,TRUE,FALSE,8.26821478284551,67715.8548000003,2.08667736757624,13,5.02142366492731,-70.9777501892723,75.9991738541997,0.0088080575011915,-0.124501764178739,0.133309821679931,,,transketolase,transketolase,transketolase,,,,,,,
XP_027260201.1,serine protease HTRA1 isoform X3 [Cricetulus griseus],TRUE,TRUE,TRUE,TRUE,TRUE,TRUE,TRUE,FALSE,FALSE,TRUE,TRUE,TRUE,TRUE,TRUE,FALSE,TRUE,TRUE,FALSE,FALSE,9.18424717302568,50200.211,3.41151385927505,16,4.40882354426105,-55.9750282648055,60.3838518090666,0.0094413161763008,-0.119868244786827,0.129309560963128,,,serine protease htra1 isoform x3,serine protease htra1 isoform x3,serine protease,serine protease,,serine protease htra1,,serine protease htra1,,
XP_027247220.1,aldose reductase [Cricetulus griseus],TRUE,TRUE,TRUE,TRUE,TRUE,TRUE,TRUE,TRUE,TRUE,TRUE,TRUE,FALSE,TRUE,FALSE,FALSE,FALSE,TRUE,TRUE,FALSE,7.62088645237135,35790.9383,2.21518987341772,7,1.6564449583689,-37.990248736935,39.6466936953039,0.0044446933797504,-0.101938193722053,0.106382887101803,,,aldose reductase,aldose reductase,,,,aldose reductase related protein 2,,,,
XP_027255561.1,basement membrane-specific heparan sulfate proteoglycan core protein isoform X2 [Cricetulus griseus],TRUE,TRUE,TRUE,FALSE,TRUE,TRUE,TRUE,TRUE,TRUE,TRUE,TRUE,FALSE,TRUE,FALSE,FALSE,FALSE,TRUE,FALSE,FALSE,6.63542433653011,469255.663900009,4.28636570907433,188,-33.0167235301397,-406.858192415071,373.841468884932,-0.0159333762077398,-0.196343669202446,0.180410292994706,,,basement membrane-specific heparan sulfate proteoglycan core protein isoform x2,basement membrane specific heparan sulfate proteoglycan core protein isoform x2,,,,,basement membrane specific heparan sulfate proteoglycan core protein,,,
XP_027272044.1,procollagen C-endopeptidase enhancer 1 [Cricetulus griseus],TRUE,TRUE,TRUE,TRUE,TRUE,TRUE,TRUE,TRUE,TRUE,TRUE,TRUE,FALSE,TRUE,TRUE,FALSE,TRUE,TRUE,TRUE,FALSE,9.05180619406267,50445.9103,2.56410256410256,12,3.6109320569386,-44.9885917167788,48.5995237737174,0.0077075353902109,-0.096028160415404,0.103735695805615,,,procollagen c-endopeptidase enhancer 1,procollagen c endopeptidase enhancer 1,procollagen c endopeptidase enhancer,,,,procollagen c endopeptidase enhancer 1,procollagen c endopeptidase enhancer 1,,
XP_027267055.1,annexin A2 isoform X2 [Cricetulus griseus],TRUE,FALSE,FALSE,FALSE,TRUE,TRUE,TRUE,TRUE,TRUE,TRUE,TRUE,FALSE,FALSE,FALSE,FALSE,FALSE,FALSE,FALSE,FALSE,8.13473221561674,38660.7046,1.47492625368732,5,1.86917810750378,-52.9902008452659,54.8593789527697,0.0047641383194709,-0.135060776386116,0.139824914705587,,,annexin a2 isoform x2,annexin a2 isoform x2,annexin a2,,,,,annexin a2,,
XP_027286887.1,suprabasin isoform X1 [Cricetulus griseus],TRUE,FALSE,TRUE,FALSE,TRUE,TRUE,TRUE,TRUE,TRUE,TRUE,TRUE,FALSE,FALSE,FALSE,FALSE,FALSE,FALSE,FALSE,FALSE,7.60964889763236,61064.2737000001,0.340715502555366,2,8.3722852867688,-58.9602426283251,67.3325279150939,0.0157337679550998,-0.110802098150728,0.126535866105828,,,suprabasin isoform x1,suprabasin isoform x1,,,,,,suprabasin,,
XP_027251267.1,glutathione S-transferase Mu 7 isoform X1 [Cricetulus griseus],TRUE,TRUE,TRUE,TRUE,TRUE,TRUE,TRUE,TRUE,TRUE,TRUE,TRUE,FALSE,FALSE,FALSE,FALSE,FALSE,TRUE,FALSE,FALSE,6.78861281960502,25824.4739,1.37614678899083,3,-0.39074506390645,-32.992651598657,32.6019065347506,-0.0013033249170345,-0.110046546660571,0.108743221743537,,,glutathione s-transferase mu 7 isoform x1,glutathione s transferase mu 7 isoform x1,,glutathione s transferase,,,,glutathione s transferase,,
XP_027243210.1,heat shock protein HSP 90-beta isoform X11 [Cricetulus griseus],TRUE,TRUE,TRUE,TRUE,TRUE,TRUE,TRUE,TRUE,TRUE,TRUE,TRUE,FALSE,TRUE,TRUE,FALSE,TRUE,TRUE,TRUE,FALSE,4.44127409040635,83266.2108000003,0.828729281767956,6,-36.7199532276401,-147.925438000658,111.205484773018,-0.0561181188456668,-0.226070476140194,0.169952357294527,,,heat shock protein hsp 90-beta isoform x11,heat shock protein hsp 90 beta isoform x11,heat shock protein hsp 90 beta,,heat shock protein,,,,,
XP_027244682.1,lipoprotein lipase isoform X2 [Cricetulus griseus],TRUE,FALSE,TRUE,FALSE,TRUE,TRUE,TRUE,TRUE,TRUE,TRUE,TRUE,TRUE,TRUE,TRUE,FALSE,TRUE,TRUE,TRUE,FALSE,8.67637998866931,52944.5067,2.10970464135021,10,5.75402296027107,-54.9853857139763,60.7394086742474,0.0118924455758536,-0.113644090679815,0.125536536255669,,,lipoprotein lipase isoform x2,lipoprotein lipase isoform x2,lipoprotein lipase,lipoprotein lipase,lipoprotein lipase,,lipoprotein lipase,lipoprotein lipase,,
XP_027253977.1,"procollagen-lysine,2-oxoglutarate 5-dioxygenase 1 isoform X3 [Cricetulus griseus]",TRUE,TRUE,TRUE,TRUE,TRUE,FALSE,TRUE,TRUE,TRUE,TRUE,TRUE,FALSE,TRUE,FALSE,FALSE,TRUE,TRUE,TRUE,FALSE,6.61892124222836,83787.4098000003,1.37551581843191,10,-5.35779939860209,-95.977244770353,90.6194453717509,-0.0081541893511622,-0.146070535500919,0.137916346149756,,,"procollagen-lysine,2-oxoglutarate 5-dioxygenase 1 isoform x3",procollagen lysine2 oxoglutarate 5 dioxygenase 1 isoform x3,,,,,procollagen lysine2 oxoglutarate 5 dioxygenase 1,,,
NP_001233694.1,peroxiredoxin-1 [Cricetulus griseus],TRUE,TRUE,TRUE,TRUE,TRUE,TRUE,TRUE,TRUE,TRUE,TRUE,TRUE,TRUE,TRUE,TRUE,FALSE,TRUE,TRUE,TRUE,FALSE,9.04978950359816,22262.3456,2.51256281407035,5,2.60651438146842,-23.9952051790563,26.6017195605247,0.0095982715231779,-0.0883603390798092,0.0979586106029872,,,peroxiredoxin-1,peroxiredoxin 1,peroxiredoxin 1,peroxiredoxin,,peroxiredoxin 1,,peroxiredoxin 1,peroxiredoxin 1,peroxiredoxin 1
XP_027278839.1,collagen alpha-1(V) chain isoform X5 [Cricetulus griseus],TRUE,TRUE,TRUE,TRUE,TRUE,TRUE,TRUE,TRUE,TRUE,TRUE,TRUE,FALSE,FALSE,FALSE,FALSE,FALSE,FALSE,FALSE,FALSE,4.27768318797496,182849.617299999,0.711548987411056,13,-59.4457830960896,-228.907145422597,169.461362326507,-0.0537739412378436,-0.20706665377728,0.153292712539436,,,collagen alpha-1(v) chain isoform x5,collagen alpha 1(v) chain isoform x5,,,,,,collagen alpha ,,
XP_027263120.1,phosphoglycerate mutase 1 isoform X2 [Cricetulus griseus],TRUE,TRUE,TRUE,TRUE,TRUE,TRUE,TRUE,TRUE,TRUE,TRUE,TRUE,FALSE,TRUE,FALSE,FALSE,FALSE,TRUE,FALSE,FALSE,7.20617873302986,28817.6096,0.78740157480315,2,0.66427271985049,-36.9846637378866,37.6489364577371,0.0020594660379046,-0.114664740272106,0.11672420631001,,,phosphoglycerate mutase 1 isoform x2,phosphoglycerate mutase 1 isoform x2,phosphoglycerate mutase 1,,,,,,,
XP_027254565.1,"fatty acid-binding protein, adipocyte [Cricetulus griseus]",TRUE,FALSE,FALSE,FALSE,TRUE,TRUE,TRUE,TRUE,TRUE,FALSE,TRUE,FALSE,FALSE,FALSE,FALSE,FALSE,FALSE,FALSE,FALSE,8.42833994993517,14752.744,1.51515151515152,2,0.826106696091021,-20.9907208825327,21.8168275786237,0.0040022215345261,-0.101693298866619,0.105695520401145,,,"fatty acid-binding protein, adipocyte",fatty acid binding protein adipocyte,,,,,,fatty acid binding protein adipocyte,,
NP_001230979.1,L-lactate dehydrogenase A chain [Cricetulus griseus],TRUE,TRUE,TRUE,TRUE,TRUE,TRUE,TRUE,TRUE,TRUE,TRUE,TRUE,FALSE,FALSE,FALSE,FALSE,FALSE,TRUE,TRUE,FALSE,7.58737822944073,36518.9808,1.50602409638554,5,1.39871953558184,-37.9863301658884,39.3850497014702,0.0037030967697406,-0.100568450610143,0.104271547379884,,,l-lactate dehydrogenase a chain,l lactate dehydrogenase a chain,l lactate dehydrogenase a chain,,,,,,,
XP_027252620.1,collagen alpha-2(V) chain isoform X2 [Cricetulus griseus],TRUE,TRUE,TRUE,TRUE,TRUE,TRUE,TRUE,TRUE,TRUE,TRUE,TRUE,FALSE,FALSE,FALSE,FALSE,FALSE,FALSE,FALSE,FALSE,6.56359792437174,145084.792,1.20160213618158,18,-4.40999282296418,-142.928624013894,138.51863119093,-0.0046544689907722,-0.150852138557282,0.14619766956651,,,collagen alpha-2(v) chain isoform x2,collagen alpha 2(v) chain isoform x2,,,,,,collagen alpha ,,
XP_027274961.1,legumain [Cricetulus griseus],TRUE,FALSE,FALSE,TRUE,TRUE,TRUE,TRUE,TRUE,TRUE,TRUE,TRUE,FALSE,FALSE,FALSE,FALSE,FALSE,TRUE,FALSE,FALSE,6.58639500888033,49634.9356000001,1.82648401826484,8,-5.15809038160278,-52.9957404775377,47.8376500959349,-0.0111295471094355,-0.114348246464984,0.103218699355548,,,legumain,legumain,legumain,,,,legumain,,,
XP_027269956.1,putative phospholipase B-like 2 [Cricetulus griseus],TRUE,TRUE,TRUE,TRUE,TRUE,TRUE,TRUE,TRUE,TRUE,TRUE,TRUE,FALSE,TRUE,TRUE,FALSE,TRUE,TRUE,TRUE,TRUE,6.19439249463623,65540.1006000002,1.1965811965812,7,-3.3472050183195,-53.9957645037307,50.6485594854112,-0.0060005505369917,-0.0967984667550518,0.09079791621806,,,putative phospholipase b-like 2,putative phospholipase b like 2,phospholipase b like 2,phospholipase b like 2,,,,phospholipase b like,,putative phospholipase b like 2
XP_027247784.1,annexin A5 [Cricetulus griseus],TRUE,FALSE,FALSE,TRUE,TRUE,TRUE,TRUE,TRUE,FALSE,TRUE,TRUE,FALSE,FALSE,FALSE,FALSE,FALSE,FALSE,FALSE,FALSE,4.37294457819883,36064.4781,0.311526479750779,1,-12.3804446597547,-54.9807693537498,42.6003246939951,-0.0330519176171594,-0.146781469418094,0.113729551800934,,,annexin a5,annexin a5,annexin a5,annexin a5,,,,,,
XP_027265420.1,cathepsin L1 [Cricetulus griseus],TRUE,FALSE,FALSE,TRUE,TRUE,TRUE,TRUE,TRUE,TRUE,TRUE,TRUE,FALSE,FALSE,FALSE,FALSE,FALSE,TRUE,TRUE,FALSE,7.30711023980351,37247.7952,3.3033033033033,11,1.17895204818151,-35.9915535817416,37.1705056299231,0.0030804153605138,-0.0940402407994166,0.0971206561599305,,,cathepsin l1,cathepsin l1,cathepsin l,cathepsin l,,,,cathepsin l1,,
XP_027284060.1,triosephosphate isomerase isoform X2 [Cricetulus griseus],TRUE,TRUE,TRUE,TRUE,TRUE,TRUE,TRUE,TRUE,TRUE,TRUE,TRUE,FALSE,TRUE,TRUE,FALSE,FALSE,TRUE,TRUE,FALSE,6.54048265789874,26676.2444,2.81124497991968,7,-1.12307570185891,-30.9856683356395,29.8625926337806,-0.0036658336970956,-0.101140383434353,0.0974745497372577,,,triosephosphate isomerase isoform x2,triosephosphate isomerase isoform x2,triosephosphate isomerase,,,,,,,
XP_027282087.1,retinoid-inducible serine carboxypeptidase [Cricetulus griseus],TRUE,TRUE,TRUE,TRUE,TRUE,TRUE,TRUE,TRUE,TRUE,TRUE,TRUE,FALSE,TRUE,TRUE,FALSE,TRUE,TRUE,TRUE,FALSE,5.06095539871725,51253.204,1.31868131868132,6,-8.07975173590276,-50.9880594253403,42.9083076894376,-0.0170646554123301,-0.107688168235485,0.0906235128231547,,,retinoid-inducible serine carboxypeptidase,retinoid inducible serine carboxypeptidase,,,,,,carboxypeptidase,,
XP_027273039.1,peroxiredoxin-6 isoform X2 [Cricetulus griseus],TRUE,TRUE,TRUE,TRUE,TRUE,TRUE,TRUE,TRUE,TRUE,TRUE,TRUE,FALSE,TRUE,TRUE,FALSE,FALSE,TRUE,TRUE,FALSE,6.78701874850041,25004.5786,0.446428571428571,1,-0.388478000273538,-31.9896536140464,31.6011756137729,-0.0013239357896397,-0.109020967179589,0.10769703138995,,,peroxiredoxin-6 isoform x2,peroxiredoxin 6 isoform x2,,peroxiredoxin,,,,,,
XP_027250075.1,collagen alpha-1(VI) chain [Cricetulus griseus],TRUE,TRUE,TRUE,TRUE,TRUE,FALSE,TRUE,TRUE,TRUE,TRUE,TRUE,FALSE,TRUE,FALSE,FALSE,FALSE,TRUE,TRUE,FALSE,4.78342203465808,109745.810300001,1.93236714975845,20,-21.4762786244158,-141.948256864685,120.47197824027,-0.0273032230045085,-0.180461660982161,0.153158437977653,,,collagen alpha-1(vi) chain,collagen alpha 1(vi) chain,,,,,,collagen alpha ,,
XP_027282494.1,LOW QUALITY PROTEIN: carboxypeptidase D isoform X2 [Cricetulus griseus],TRUE,TRUE,TRUE,FALSE,FALSE,FALSE,TRUE,TRUE,TRUE,TRUE,FALSE,FALSE,TRUE,FALSE,FALSE,FALSE,TRUE,TRUE,FALSE,6.33734042797276,152461.9512,1.30624092888244,18,-18.7928732278779,-162.952454502919,144.159581275041,-0.0191895911271336,-0.166392383812561,0.147202792685427,,,low quality protein: carboxypeptidase d isoform x2,low quality protein: carboxypeptidase d isoform x2,carboxypeptidase d,carboxypeptidase d,,,,carboxypeptidase,,
XP_027266875.1,collagen alpha-1(XII) chain isoform X4 [Cricetulus griseus],TRUE,TRUE,TRUE,FALSE,FALSE,FALSE,TRUE,TRUE,TRUE,TRUE,FALSE,FALSE,FALSE,FALSE,FALSE,FALSE,TRUE,FALSE,FALSE,5.23135953832408,333212.236900005,0.685154975530179,21,-35.2151851677348,-363.898502388531,328.683317220796,-0.0213515562296202,-0.220637753248057,0.199286197018437,,,collagen alpha-1(xii) chain isoform x4,collagen alpha 1(xii) chain isoform x4,,,,,,collagen alpha ,,
XP_027279240.1,lysosomal protective protein [Cricetulus griseus],TRUE,TRUE,TRUE,TRUE,TRUE,TRUE,TRUE,TRUE,TRUE,TRUE,TRUE,FALSE,TRUE,FALSE,FALSE,FALSE,TRUE,TRUE,FALSE,5.77322502614681,56109.9962,2.02839756592292,10,-6.56781565101127,-54.0008531702716,47.4330375192604,-0.0130589316148824,-0.107371078326065,0.0943121467111824,,,lysosomal protective protein,lysosomal protective protein,lysosomal protective protein,,lysosomal protective protein,,,,,
XP_027251265.1,glutathione S-transferase Mu 6 [Cricetulus griseus],TRUE,TRUE,TRUE,TRUE,TRUE,TRUE,TRUE,TRUE,TRUE,TRUE,TRUE,FALSE,TRUE,FALSE,FALSE,FALSE,TRUE,TRUE,FALSE,6.94085054720964,25559.0531,1.37614678899083,3,-0.132309166430183,-31.9958696949144,31.8635605284843,-0.0004443654446461,-0.107459363908272,0.107014998463626,,,glutathione s-transferase mu 6,glutathione s transferase mu 6,,glutathione s transferase,,,,glutathione s transferase mu 6,,
XP_027243958.1,peptidyl-prolyl cis-trans isomerase A isoform X2 [Cricetulus griseus],TRUE,TRUE,TRUE,FALSE,TRUE,TRUE,TRUE,TRUE,TRUE,TRUE,TRUE,FALSE,TRUE,FALSE,FALSE,FALSE,TRUE,TRUE,FALSE,9.33249855347748,17899.0758,1.82926829268293,3,2.87422241529024,-18.9904260066977,21.8646484219879,0.0122409038529399,-0.0808775193032103,0.0931184231561503,,,peptidyl-prolyl cis-trans isomerase a isoform x2,peptidyl prolyl cis trans isomerase a isoform x2,peptidyl prolyl cis trans isomerase a,peptidyl prolyl cis trans isomerase a,,peptidyl prolyl cis trans isomerase,,peptidyl prolyl cis trans isomerase,,
XP_027249274.1,semaphorin-3C isoform X2 [Cricetulus griseus],TRUE,TRUE,TRUE,TRUE,TRUE,TRUE,TRUE,TRUE,TRUE,TRUE,TRUE,FALSE,TRUE,FALSE,FALSE,TRUE,TRUE,TRUE,FALSE,9.81305311112932,86157.0669000004,3.03030303030303,23,23.1114261299735,-79.9826254664028,103.094051596376,0.0345260048886437,-0.11948550912997,0.154011514018614,,,semaphorin-3c isoform x2,semaphorin 3c isoform x2,,,,,semaphorin 3c,,,
XP_027288992.1,renin receptor isoform X6 [Cricetulus griseus],FALSE,TRUE,TRUE,FALSE,TRUE,TRUE,TRUE,TRUE,TRUE,TRUE,TRUE,FALSE,TRUE,FALSE,FALSE,TRUE,FALSE,TRUE,FALSE,5.79244371331255,38067.0320000001,0.290697674418605,1,-5.80991763223198,-40.983406945466,35.173489313234,-0.0149618105109222,-0.105541249915192,0.09057943940427,,,renin receptor isoform x6,renin receptor isoform x6,,,renin receptor,,,,,
NP_001233622.2,protein disulfide-isomerase precursor [Cricetulus griseus],TRUE,TRUE,TRUE,TRUE,TRUE,TRUE,TRUE,TRUE,TRUE,TRUE,TRUE,FALSE,TRUE,TRUE,FALSE,FALSE,TRUE,TRUE,FALSE,4.21121875312037,57113.8575000001,1.37524557956778,7,-31.5275594820311,-97.953738715292,66.4261792332608,-0.0619502234997316,-0.192474650932153,0.130524427432422,,,protein disulfide-isomerase precursor,protein disulfide isomerase precursor,protein disulfide isomerase,protein disulfide isomerase,,,,,,protein disulfide isomeras
NP_001233603.1,beta-2-microglobulin precursor [Cricetulus griseus],TRUE,TRUE,FALSE,FALSE,TRUE,TRUE,TRUE,TRUE,TRUE,FALSE,TRUE,FALSE,FALSE,FALSE,FALSE,FALSE,TRUE,TRUE,FALSE,7.48480810855328,13787.8164,2.52100840336134,3,0.869826781693936,-14.9958695341976,15.8656963158916,0.0044084166477592,-0.0760013859005831,0.0804098025483424,,,beta-2-microglobulin precursor,beta 2 microglobulin precursor,,,,,,beta 2 microglobulin,,
XP_027265239.1,nidogen-1 isoform X3 [Cricetulus griseus],TRUE,TRUE,TRUE,TRUE,TRUE,TRUE,TRUE,TRUE,TRUE,TRUE,TRUE,FALSE,TRUE,TRUE,FALSE,TRUE,TRUE,TRUE,FALSE,4.61669446695903,136708.0636,3.93258426966292,49,-45.6759578092042,-146.9647704096,101.288812600396,-0.0501577940818653,-0.161385311771348,0.111227517689482,,,nidogen-1 isoform x3,nidogen 1 isoform x3,nidogen 1,,nidogen 1,,nidogen 1,,,
XP_027275654.1,cathepsin Z [Cricetulus griseus],TRUE,TRUE,TRUE,TRUE,TRUE,TRUE,TRUE,TRUE,TRUE,TRUE,TRUE,FALSE,FALSE,FALSE,FALSE,TRUE,TRUE,TRUE,FALSE,8.27281365012006,34027.9239,3.92156862745098,12,2.91244908686505,-29.000167153113,31.912616239978,0.008082546771054,-0.080480448032732,0.088562994803786,,,cathepsin z,cathepsin z,cathepsin z,cathepsin z,,,,,,
XP_027243857.1,"malate dehydrogenase, cytoplasmic [Cricetulus griseus]",TRUE,TRUE,TRUE,TRUE,TRUE,TRUE,TRUE,TRUE,TRUE,TRUE,TRUE,FALSE,TRUE,FALSE,FALSE,TRUE,TRUE,TRUE,FALSE,6.54574551835967,36465.692,0.898203592814371,3,-1.1227881858666,-43.983028058314,42.8602398724474,-0.0029754663801104,-0.116558067612691,0.113582601232581,,,"malate dehydrogenase, cytoplasmic",malate dehydrogenase cytoplasmic,malate dehydrogenase cytoplasmic,,,,,,,
NP_001233673.1,glutathione S-transferase P 1 [Cricetulus griseus],TRUE,TRUE,TRUE,TRUE,TRUE,TRUE,TRUE,TRUE,TRUE,TRUE,TRUE,FALSE,TRUE,TRUE,FALSE,TRUE,TRUE,TRUE,FALSE,8.28584772788397,23637.941,1.90476190476191,4,1.86612694461145,-24.9982245042505,26.864351448862,0.0066025992812688,-0.0884469621004949,0.0950495613817638,,,glutathione s-transferase p 1,glutathione s transferase p 1,glutathione s transferase p 1,glutathione s transferase,,glutathione s transferase p,,glutathione s transferase p,,
XP_027272779.1,laminin subunit beta-1 isoform X3 [Cricetulus griseus],TRUE,FALSE,FALSE,TRUE,TRUE,FALSE,TRUE,TRUE,TRUE,TRUE,TRUE,FALSE,TRUE,FALSE,FALSE,FALSE,TRUE,TRUE,FALSE,4.19808273013674,185852.9894,7.16824644549763,121,-88.4581901708005,-259.898721535877,171.440531365076,-0.0791538180882006,-0.232561576108273,0.153407758020072,,,laminin subunit beta-1 isoform x3,laminin subunit beta 1 isoform x3,laminin subunit beta 1,,,,laminin subunit beta 1,,,
XP_027251264.1,glutathione S-transferase Mu 3 [Cricetulus griseus],TRUE,TRUE,TRUE,TRUE,TRUE,TRUE,TRUE,TRUE,TRUE,TRUE,TRUE,FALSE,TRUE,TRUE,FALSE,TRUE,TRUE,TRUE,FALSE,6.78837726820455,26966.9748,3.9647577092511,9,-0.39033722987346,-32.9915028437463,32.6011656138729,-0.001264926649512,-0.106912249103257,0.105647322453745,,,glutathione s-transferase mu 3,glutathione s transferase mu 3,,glutathione s transferase,,,,glutathione s transferase,,
XP_027254077.1,calsyntenin-1 isoform X2 [Cricetulus griseus],TRUE,TRUE,TRUE,TRUE,TRUE,FALSE,TRUE,TRUE,TRUE,TRUE,TRUE,FALSE,TRUE,FALSE,FALSE,FALSE,TRUE,TRUE,FALSE,4.27935276175657,109032.464800001,2.24260958205912,22,-67.1586502224709,-164.918277467878,97.7596272454068,-0.0857521317644414,-0.210577398636554,0.124825266872113,,,calsyntenin-1 isoform x2,calsyntenin 1 isoform x2,,,,,calsyntenin 1,,,
XP_027278163.1,catalase isoform X1 [Cricetulus griseus],TRUE,FALSE,TRUE,TRUE,FALSE,TRUE,TRUE,TRUE,TRUE,TRUE,TRUE,FALSE,FALSE,FALSE,FALSE,FALSE,TRUE,FALSE,FALSE,8.89913246169612,63128.3110000001,1.26126126126126,7,8.32253028848931,-63.9893590596451,72.3118893481344,0.0152974646159559,-0.117617469937776,0.132914934553732,,,catalase isoform x1,catalase isoform x1,catalase,,,,,,,
XP_027264402.1,cofilin-1 [Cricetulus griseus],TRUE,TRUE,TRUE,TRUE,TRUE,TRUE,TRUE,TRUE,TRUE,TRUE,TRUE,FALSE,TRUE,TRUE,FALSE,TRUE,TRUE,TRUE,FALSE,8.96378457118735,18532.3089,2.40963855421687,4,2.08640700889098,-27.9895148281073,30.0759218369982,0.0086821282909878,-0.116472269075296,0.125154397366284,,,cofilin-1,cofilin 1,cofilin 1,,,,,cofilin 1,,
XP_027246972.1,acid ceramidase isoform X2 [Cricetulus griseus],TRUE,TRUE,TRUE,TRUE,TRUE,TRUE,TRUE,TRUE,TRUE,TRUE,TRUE,FALSE,TRUE,FALSE,FALSE,TRUE,TRUE,TRUE,FALSE,9.60123468524748,50295.5735,2,9,7.87377419885255,-42.9873735688985,50.8611477677511,0.0168400469996198,-0.091939313092819,0.108779360092439,,,acid ceramidase isoform x2,acid ceramidase isoform x2,,,,,,acid ceramidase,,
XP_027255228.1,tubulointerstitial nephritis antigen-like [Cricetulus griseus],TRUE,TRUE,TRUE,FALSE,TRUE,TRUE,TRUE,TRUE,TRUE,TRUE,TRUE,FALSE,TRUE,TRUE,FALSE,TRUE,TRUE,TRUE,FALSE,7.25721438153907,52519.9060000001,5.16129032258065,24,1.50007857816818,-52.9844143895451,54.4844929677132,0.003117058133387,-0.110097899016305,0.113214957149692,,,tubulointerstitial nephritis antigen-like,tubulointerstitial nephritis antigen like,,,,,tubulointerstitial nephritis antigen like,,,
XP_027272306.1,peptidyl-prolyl cis-trans isomerase FKBP3 isoform X2 [Cricetulus griseus],TRUE,FALSE,FALSE,FALSE,TRUE,TRUE,TRUE,FALSE,FALSE,TRUE,TRUE,FALSE,FALSE,FALSE,FALSE,FALSE,FALSE,FALSE,FALSE,9.8502670204443,25203.5732,0.446428571428571,1,9.13564054938283,-32.9852654222946,42.1209059716775,0.030970231045583,-0.111821528628045,0.142791759673629,,,peptidyl-prolyl cis-trans isomerase fkbp3 isoform x2,peptidyl prolyl cis trans isomerase fkbp3 isoform x2,,,,peptidyl prolyl cis trans isomerase,,peptidyl prolyl cis trans isomerase,,
XP_027280477.1,protein disulfide-isomerase A6 isoform X2 [Cricetulus griseus],TRUE,FALSE,FALSE,TRUE,TRUE,TRUE,TRUE,TRUE,TRUE,TRUE,TRUE,FALSE,TRUE,FALSE,FALSE,FALSE,TRUE,FALSE,FALSE,4.49389289189425,48689.4898,1.57303370786517,7,-12.8535273406214,-65.9753112079025,53.1217838672811,-0.0280917651745596,-0.144190999144153,0.116099233969594,,,protein disulfide-isomerase a6 isoform x2,protein disulfide isomerase a6 isoform x2,protein disulfide isomerase,protein disulfide isomerase,,,,,,protein disulfide isomeras
XP_027251276.1,glutathione S-transferase Y1 isoform X2 [Cricetulus griseus],TRUE,FALSE,FALSE,TRUE,TRUE,TRUE,TRUE,TRUE,TRUE,TRUE,TRUE,FALSE,FALSE,FALSE,FALSE,FALSE,TRUE,FALSE,FALSE,9.27252312566125,21905.1622,1.6304347826087,3,3.34588542342922,-26.99365619641,30.3395416198392,0.0124545183131011,-0.100479527207234,0.112934045520335,,,glutathione s-transferase y1 isoform x2,glutathione s transferase y1 isoform x2,,glutathione s transferase,,,,glutathione s transferase,,
XP_027259923.1,alpha-N-acetylgalactosaminidase [Cricetulus griseus],TRUE,TRUE,FALSE,TRUE,TRUE,FALSE,TRUE,TRUE,TRUE,TRUE,TRUE,FALSE,TRUE,FALSE,FALSE,FALSE,TRUE,TRUE,FALSE,8.75392746335479,47222.1115,2.16867469879518,9,3.39048887182627,-42.9957256984735,46.3862145702998,0.0075627354367512,-0.0959051365927447,0.103467872029496,,,alpha-n-acetylgalactosaminidase,alpha n acetylgalactosaminidase,,,,,alpha n acetylgalactosaminidase,,,
XP_027265895.1,dickkopf-related protein 3 isoform X1 [Cricetulus griseus],TRUE,TRUE,TRUE,TRUE,TRUE,TRUE,TRUE,TRUE,TRUE,TRUE,TRUE,FALSE,TRUE,FALSE,FALSE,FALSE,TRUE,TRUE,FALSE,3.91728574262876,38385.3887000001,6.03448275862069,21,-33.2658356332773,-59.9649256959118,26.6990900626345,-0.0851924932254826,-0.153567810002801,0.0683753167773184,,,dickkopf-related protein 3 isoform x1,dickkopf related protein 3 isoform x1,,,,,dickkopf related protein 3,,,
XP_027247933.1,matrix metalloproteinase-19 [Cricetulus griseus],TRUE,TRUE,TRUE,TRUE,TRUE,TRUE,TRUE,TRUE,TRUE,TRUE,TRUE,FALSE,TRUE,FALSE,FALSE,FALSE,TRUE,TRUE,FALSE,8.24825815007863,58941.2566000001,0.761904761904762,4,4.48648493208417,-54.9932655372368,59.479750469321,0.0086325706101596,-0.105814073828378,0.114446644438537,,,matrix metalloproteinase-19,matrix metalloproteinase 19,matrix metalloproteinase 19,matrix metalloproteinase,,,,,,
XP_027248102.1,N-acetylglucosamine-6-sulfatase isoform X2 [Cricetulus griseus],TRUE,FALSE,FALSE,TRUE,TRUE,FALSE,TRUE,TRUE,FALSE,TRUE,TRUE,FALSE,FALSE,FALSE,FALSE,FALSE,FALSE,FALSE,FALSE,8.59806413094597,60916.7075000001,2.40295748613678,13,4.69463266053966,-52.9994549063026,57.6940875668422,0.0088367151138256,-0.0997609649273835,0.108597680041209,,,n-acetylglucosamine-6-sulfatase isoform x2,n acetylglucosamine 6 sulfatase isoform x2,,,,,n acetylglucosamine 6 sulfatase,,,
XP_027268236.1,vitamin K-dependent protein S [Cricetulus griseus],TRUE,TRUE,TRUE,TRUE,TRUE,FALSE,TRUE,TRUE,TRUE,TRUE,TRUE,FALSE,TRUE,FALSE,FALSE,FALSE,TRUE,TRUE,FALSE,5.1273056305678,74694.4934000002,5.48148148148148,37,-8.33486459064872,-83.9760118434085,75.6411472527598,-0.0136947153836743,-0.137977956179614,0.124283240795939,,,vitamin k-dependent protein s,vitamin k dependent protein s,,,,,,vitamin k dependent protein s,,
XP_027251272.1,glutathione S-transferase Mu 1 isoform X2 [Cricetulus griseus],TRUE,FALSE,FALSE,FALSE,TRUE,TRUE,TRUE,TRUE,TRUE,TRUE,TRUE,FALSE,FALSE,FALSE,FALSE,FALSE,FALSE,FALSE,FALSE,5.66335780041041,25466.0888,1.8348623853211,4,-2.39182725759173,-30.9935268183164,28.6016995607247,-0.0080525821551192,-0.10434613126396,0.0962935491088407,,,glutathione s-transferase mu 1 isoform x2,glutathione s transferase mu 1 isoform x2,,glutathione s transferase,,,,glutathione s transferase,,
XP_027255508.1,tissue alpha-L-fucosidase [Cricetulus griseus],TRUE,TRUE,TRUE,TRUE,TRUE,FALSE,TRUE,TRUE,TRUE,TRUE,TRUE,FALSE,TRUE,TRUE,FALSE,TRUE,TRUE,TRUE,FALSE,6.48514752264571,53364.7853,0.865800865800866,4,-3.7759593387978,-48.9946997601369,45.2187404213391,-0.0077631441577506,-0.100730141157916,0.0929669970001654,,,tissue alpha-l-fucosidase,tissue alpha l fucosidase,,,,,tissue alpha l fucosidase,,,
XP_027286240.1,flavin reductase (NADPH) isoform X2 [Cricetulus griseus],TRUE,TRUE,TRUE,FALSE,TRUE,TRUE,TRUE,TRUE,TRUE,FALSE,TRUE,FALSE,TRUE,FALSE,FALSE,FALSE,TRUE,TRUE,FALSE,7.68411226827251,22166.1051,0.970873786407767,2,1.91686281408832,-21.9960803987156,23.912943212804,0.0070791040098479,-0.0812330125072328,0.0883121165170807,,,flavin reductase (nadph) isoform x2,flavin reductase (nadph) isoform x2,,,,,,flavin reductase,,
NP_001230907.1,tubulin alpha-1A chain [Cricetulus griseus],FALSE,FALSE,TRUE,FALSE,FALSE,FALSE,TRUE,TRUE,TRUE,FALSE,FALSE,FALSE,TRUE,FALSE,FALSE,FALSE,TRUE,TRUE,FALSE,4.43475510261573,50135.0666000001,2.66075388026608,12,-20.7587268164893,-64.978712105858,44.2199852893687,-0.0444924685785966,-0.139269779510326,0.0947773109317294,,,tubulin alpha-1a chain,tubulin alpha 1a chain,tubulin alpha 1a chain,,,,,,,
XP_027280118.1,nucleoside diphosphate kinase B [Cricetulus griseus],TRUE,TRUE,TRUE,TRUE,TRUE,TRUE,TRUE,TRUE,TRUE,TRUE,TRUE,FALSE,FALSE,FALSE,FALSE,FALSE,TRUE,TRUE,FALSE,8.44917183764841,17339.8933,1.31578947368421,2,1.87301575827045,-20.9918696374434,22.8648853957138,0.00814749314317,-0.0913132274398588,0.0994607205830289,,,nucleoside diphosphate kinase b,nucleoside diphosphate kinase b,nucleoside diphosphate kinase b,,,,,,,
XP_027248597.1,glutathione S-transferase alpha-3 [Cricetulus griseus],FALSE,FALSE,FALSE,FALSE,TRUE,TRUE,TRUE,FALSE,FALSE,FALSE,TRUE,FALSE,FALSE,FALSE,FALSE,FALSE,FALSE,FALSE,FALSE,8.84758413034166,25501.2393,0.452488687782805,1,2.87107277215529,-32.9919538094772,35.8630265816324,0.0096571770960185,-0.110972157784286,0.120629334880305,,,glutathione s-transferase alpha-3,glutathione s transferase alpha 3,,glutathione s transferase,,,,glutathione s transferase,,
NP_001233709.1,peroxiredoxin-2 [Cricetulus griseus],TRUE,TRUE,TRUE,TRUE,TRUE,TRUE,TRUE,TRUE,TRUE,TRUE,TRUE,FALSE,TRUE,TRUE,FALSE,TRUE,TRUE,TRUE,FALSE,5.02685300431704,21812.4509,1.51515151515152,3,-4.86664435047116,-26.9934307135446,22.1267863630734,-0.0181665929251899,-0.100763201933958,0.0825966090087684,,,peroxiredoxin-2,peroxiredoxin 2,,peroxiredoxin,,,,,,
XP_027262178.1,lysosomal acid lipase/cholesteryl ester hydrolase [Cricetulus griseus],TRUE,TRUE,TRUE,TRUE,TRUE,TRUE,TRUE,TRUE,TRUE,TRUE,TRUE,FALSE,TRUE,TRUE,FALSE,TRUE,TRUE,TRUE,FALSE,7.9057393204702,45634.7643,1.25944584382872,5,4.79325730394187,-35.9971358951806,40.7903931991225,0.0109382300832394,-0.0821455911484899,0.0930838212317293,,,lysosomal acid lipase/cholesteryl ester hydrolase,lysosomal acid lipase/cholesteryl ester hydrolase,lysosomal acid lipase,lysosomal acid lipase,,,,lipase,,lysosomal acid lipase
XP_027285515.1,peptidyl-prolyl cis-trans isomerase FKBP9 [Cricetulus griseus],TRUE,TRUE,FALSE,FALSE,FALSE,FALSE,TRUE,TRUE,TRUE,TRUE,FALSE,FALSE,FALSE,FALSE,FALSE,FALSE,TRUE,FALSE,FALSE,4.41804463370155,63007.6798000001,1.40350877192982,8,-23.2389194445108,-76.981608775195,53.7426893306842,-0.0427694624448888,-0.141678791620216,0.098909329175327,,,peptidyl-prolyl cis-trans isomerase fkbp9,peptidyl prolyl cis trans isomerase fkbp9,,,,peptidyl prolyl cis trans isomerase,,peptidyl prolyl cis trans isomerase,,
XP_027256943.1,ribonuclease T2 isoform X1 [Cricetulus griseus],TRUE,TRUE,TRUE,TRUE,TRUE,TRUE,TRUE,TRUE,TRUE,TRUE,TRUE,FALSE,TRUE,FALSE,FALSE,FALSE,TRUE,TRUE,FALSE,6.71257174240997,29589.4658,3.86100386100386,10,-1.55561921256631,-31.9905555455081,30.4349363329418,-0.0047386947591653,-0.0974489622407026,0.0927102674815373,,,ribonuclease t2 isoform x1,ribonuclease t2 isoform x1,,,,,ribonuclease t2,,,
XP_027259772.1,galectin-1 [Cricetulus griseus],TRUE,TRUE,TRUE,FALSE,TRUE,TRUE,TRUE,TRUE,TRUE,TRUE,TRUE,FALSE,TRUE,TRUE,FALSE,TRUE,TRUE,TRUE,FALSE,5.46118376589719,14802.6462,4.44444444444444,6,-3.12609124307292,-17.9917975588645,14.8657063157916,-0.0151108512351406,-0.086968471239349,0.0718576200042083,,,galectin-1,galectin 1,galectin 1,,,,,galectin 1,,
XP_027268506.1,follistatin-related protein 1 [Cricetulus griseus],TRUE,TRUE,TRUE,TRUE,TRUE,TRUE,TRUE,TRUE,TRUE,TRUE,TRUE,FALSE,TRUE,TRUE,FALSE,TRUE,TRUE,TRUE,FALSE,5.30686470315532,34635.7013,6.5359477124183,20,-7.80550052487515,-48.9759661551982,41.1704656303231,-0.0214074507266183,-0.134322018032624,0.112914567306005,,,follistatin-related protein 1,follistatin related protein 1,follistatin related protein 1,,,,follistatin related protein 1,follistatin related protein 1,,
XP_027274741.1,transgelin-2 [Cricetulus griseus],TRUE,TRUE,TRUE,FALSE,TRUE,TRUE,TRUE,TRUE,TRUE,FALSE,TRUE,FALSE,TRUE,FALSE,FALSE,FALSE,TRUE,TRUE,FALSE,9.48701054968378,22455.2935,1.50753768844221,3,3.08639958404641,-20.9927929094887,24.0791924935351,0.011300209992929,-0.0768607439689596,0.0881609539618887,,,transgelin-2,transgelin 2,transgelin 2,,,,,,,
XP_027288193.1,V-type proton ATPase subunit S1 isoform X2 [Cricetulus griseus],TRUE,FALSE,FALSE,FALSE,TRUE,TRUE,TRUE,TRUE,TRUE,TRUE,TRUE,FALSE,FALSE,FALSE,FALSE,FALSE,TRUE,TRUE,FALSE,5.67726753751188,51606.8701000001,0.431965442764579,2,-8.0336727832948,-40.9931119722334,32.9594391889386,-0.0168897275752326,-0.0861825608719997,0.0692928332967671,,,v-type proton atpase subunit s1 isoform x2,v type proton atpase subunit s1 isoform x2,,,v type proton atpase subunit s1,,,,,
XP_027262856.1,glutathione S-transferase omega-1 isoform X6 [Cricetulus griseus],TRUE,FALSE,FALSE,FALSE,TRUE,TRUE,TRUE,FALSE,FALSE,TRUE,TRUE,FALSE,FALSE,FALSE,FALSE,FALSE,FALSE,FALSE,FALSE,8.90862508149097,27458.4241,2.08333333333333,5,2.61304470871201,-33.987586958309,36.600631667021,0.0083664898346211,-0.108822018942859,0.11718850877748,,,glutathione s-transferase omega-1 isoform x6,glutathione s transferase omega 1 isoform x6,,glutathione s transferase,,,,glutathione s transferase,,
XP_027271994.1,heat shock protein beta-1 isoform X2 [Cricetulus griseus],TRUE,TRUE,TRUE,FALSE,TRUE,TRUE,TRUE,TRUE,TRUE,TRUE,TRUE,FALSE,TRUE,FALSE,FALSE,TRUE,TRUE,TRUE,FALSE,6.70200164402017,23418.997,0.469483568075117,1,-0.857986598318969,-25.9859778298219,25.1279912315029,-0.0030545588479937,-0.0925139141559676,0.0894593553079738,,,heat shock protein beta-1 isoform x2,heat shock protein beta 1 isoform x2,,,heat shock protein,,,,,
XP_027269644.1,GTP-binding nuclear protein Ran isoform X2 [Cricetulus griseus],TRUE,TRUE,TRUE,FALSE,TRUE,TRUE,TRUE,TRUE,TRUE,FALSE,TRUE,FALSE,TRUE,TRUE,FALSE,TRUE,TRUE,TRUE,FALSE,7.58901073489181,24422.8032,1.38888888888889,3,1.39367074974,-27.9934547397375,29.3871254894775,0.0048247709229484,-0.0969109859601754,0.101735756883124,,,gtp-binding nuclear protein ran isoform x2,gtp binding nuclear protein ran isoform x2,gtp binding nuclear protein,,,,,,,
NP_001230962.1,40S ribosomal protein SA [Cricetulus griseus],TRUE,TRUE,TRUE,FALSE,FALSE,TRUE,TRUE,TRUE,TRUE,FALSE,FALSE,FALSE,TRUE,TRUE,FALSE,FALSE,TRUE,TRUE,FALSE,4.32584978222034,32880.7058000001,0.677966101694915,2,-12.1150711124922,-40.980143482432,28.8650723699397,-0.0343989669037859,-0.116357104822193,0.0819581379184066,,,40s ribosomal protein sa,40s ribosomal protein sa,40s ribosomal protein sa,,,,,,,
XP_027263463.1,lysosomal Pro-X carboxypeptidase isoform X2 [Cricetulus griseus],TRUE,FALSE,TRUE,TRUE,FALSE,FALSE,TRUE,TRUE,TRUE,TRUE,TRUE,FALSE,FALSE,FALSE,FALSE,FALSE,TRUE,FALSE,FALSE,6.48376119988151,57289.6000000001,2.16535433070866,11,-3.77741938943905,-48.9954188899004,45.2179995004614,-0.0074072703896808,-0.0960767863340331,0.0886695159443523,,,lysosomal pro-x carboxypeptidase isoform x2,lysosomal pro x carboxypeptidase isoform x2,,,,,,carboxypeptidase,,
NP_001233680.1,aldose reductase-related protein 2 [Cricetulus griseus],TRUE,TRUE,TRUE,FALSE,TRUE,TRUE,TRUE,TRUE,TRUE,TRUE,TRUE,FALSE,TRUE,TRUE,FALSE,TRUE,TRUE,TRUE,FALSE,6.71576439192296,36339.3798000001,1.58227848101266,5,-1.55066027002459,-43.9827598942813,42.4320996242567,-0.0041188739875727,-0.116827295528336,0.112708421540763,,,aldose reductase-related protein 2,aldose reductase related protein 2,,,,aldose reductase related protein 2,,,,
XP_027249021.1,glucosylceramidase [Cricetulus griseus],TRUE,TRUE,TRUE,FALSE,FALSE,TRUE,TRUE,TRUE,TRUE,TRUE,TRUE,FALSE,TRUE,TRUE,FALSE,TRUE,TRUE,TRUE,FALSE,8.95025215121585,57391.9183000001,1.35922330097087,7,5.69849141926212,-44.9971479886356,50.6956394078977,0.0111610809358193,-0.0881315375652933,0.0992926185011127,,,glucosylceramidase,glucosylceramidase,,,,,,glucosylceramidase,,
XP_027284190.1,peptidyl-prolyl cis-trans isomerase FKBP4 isoform X2 [Cricetulus griseus],TRUE,TRUE,TRUE,FALSE,TRUE,FALSE,TRUE,TRUE,TRUE,TRUE,TRUE,FALSE,FALSE,FALSE,FALSE,FALSE,TRUE,FALSE,FALSE,4.97704821349389,51531.6666000001,1.31004366812227,6,-11.7925879263849,-77.959839875697,66.1672519493121,-0.0248164611277108,-0.164059606582972,0.139243145455261,,,peptidyl-prolyl cis-trans isomerase fkbp4 isoform x2,peptidyl prolyl cis trans isomerase fkbp4 isoform x2,,,,peptidyl prolyl cis trans isomerase,,peptidyl prolyl cis trans isomerase,,
XP_027264700.1,cathepsin D [Cricetulus griseus],TRUE,TRUE,TRUE,TRUE,TRUE,TRUE,TRUE,TRUE,TRUE,TRUE,TRUE,FALSE,TRUE,FALSE,FALSE,FALSE,TRUE,TRUE,FALSE,7.04857771997586,44110.3901,1.96078431372549,8,0.127111900317447,-37.9955628863414,38.1226747866588,0.0002967147471807,-0.0886922767078163,0.0889889914549971,,,cathepsin d,cathepsin d,cathepsin d,cathepsin d,cathepsin d,,cathepsin d,cathepsin d,,
XP_027249161.1,LOW QUALITY PROTEIN: protein S100-A13 [Cricetulus griseus],TRUE,FALSE,FALSE,FALSE,TRUE,TRUE,TRUE,FALSE,FALSE,TRUE,TRUE,FALSE,FALSE,FALSE,FALSE,FALSE,FALSE,FALSE,FALSE,5.18455640017299,18553.0626,1.20481927710843,2,-2.64322928160911,-24.9843327424038,22.3411034607947,-0.0109910187741149,-0.103889311510398,0.0928982927362833,,,low quality protein: protein s100-a13,low quality protein: protein s100 a13,,protein s100,,,,,,
XP_027261702.1,group XV phospholipase A2 isoform X2 [Cricetulus griseus],TRUE,TRUE,FALSE,FALSE,TRUE,FALSE,TRUE,TRUE,TRUE,TRUE,TRUE,FALSE,TRUE,FALSE,FALSE,FALSE,TRUE,FALSE,FALSE,6.54881808145535,47235.5623000001,1.45631067961165,6,-3.50943706517668,-46.9928051636604,43.4833680984837,-0.0078265720037914,-0.104801016927486,0.0969744449236949,,,group xv phospholipase a2 isoform x2,group xv phospholipase a2 isoform x2,,,,,,lipase,,
NP_001233649.1,heat shock protein 105 kDa [Cricetulus griseus],FALSE,TRUE,TRUE,FALSE,FALSE,FALSE,TRUE,TRUE,TRUE,FALSE,FALSE,FALSE,TRUE,FALSE,FALSE,FALSE,TRUE,TRUE,FALSE,4.98444648692446,96149.8839000004,2.0979020979021,18,-21.4115670222351,-138.925221764921,117.513654742686,-0.0297300835306295,-0.192898466669591,0.163168383138962,,,heat shock protein 105 kda,heat shock protein 105 kda,,,heat shock protein,,,,,
XP_027280693.1,brain-specific serine protease 4 isoform X1 [Cricetulus griseus],TRUE,TRUE,TRUE,TRUE,TRUE,TRUE,TRUE,TRUE,TRUE,TRUE,TRUE,FALSE,TRUE,FALSE,FALSE,FALSE,TRUE,FALSE,FALSE,7.64589858709838,40185.9195,3.2520325203252,12,1.66341349059812,-31.9877857293722,33.6511992199703,0.0041317223774294,-0.0794538765312912,0.0835855989087207,,,brain-specific serine protease 4 isoform x1,brain specific serine protease 4 isoform x1,serine protease,serine protease,,,,,,
XP_027266901.1,glutathione S-transferase A4 [Cricetulus griseus],TRUE,FALSE,FALSE,TRUE,TRUE,TRUE,TRUE,FALSE,FALSE,TRUE,TRUE,FALSE,FALSE,FALSE,FALSE,FALSE,FALSE,FALSE,FALSE,6.79079680815031,25757.6517,0,0,-0.387299099528012,-32.9887116870268,32.6014125874988,-0.0012940642195767,-0.110223626897501,0.108929562677924,,,glutathione s-transferase a4,glutathione s transferase a4,,glutathione s transferase,,,,glutathione s transferase,,
XP_027242786.1,dihydropteridine reductase [Cricetulus griseus],FALSE,FALSE,FALSE,FALSE,TRUE,FALSE,TRUE,FALSE,FALSE,TRUE,TRUE,FALSE,FALSE,FALSE,FALSE,FALSE,TRUE,FALSE,FALSE,8.45423679108849,25594.0219,1.6597510373444,4,1.87427881216281,-22.9898456628733,24.8641244750361,0.0062891027537851,-0.0771419389309683,0.0834310416847535,,,dihydropteridine reductase,dihydropteridine reductase,,,,,,dihydropteridine reductase,,
XP_027264462.1,copper chaperone for superoxide dismutase [Cricetulus griseus],TRUE,TRUE,TRUE,FALSE,TRUE,FALSE,TRUE,TRUE,TRUE,TRUE,TRUE,FALSE,TRUE,FALSE,FALSE,FALSE,TRUE,TRUE,FALSE,5.10394402135161,29280.5874,3.28467153284672,9,-7.80824566021171,-35.9832868145012,28.1750411542894,-0.0239522949772689,-0.110381043007455,0.0864287480301863,,,copper chaperone for superoxide dismutase,copper chaperone for superoxide dismutase,,,,,,copper chaperone for superoxide dismutase,,
XP_027246558.1,ubiquitin-conjugating enzyme E2 K isoform X1 [Cricetulus griseus],TRUE,FALSE,FALSE,FALSE,TRUE,TRUE,TRUE,FALSE,FALSE,TRUE,TRUE,FALSE,FALSE,FALSE,FALSE,FALSE,FALSE,FALSE,FALSE,4.86304959442174,22406.3792,1,2,-3.648418981957,-26.9890184955998,23.3405995136428,-0.013377360734537,-0.0989584359889144,0.0855810752543774,,,ubiquitin-conjugating enzyme e2 k isoform x1,ubiquitin conjugating enzyme e2 k isoform x1,,,,,,ubiquitin,,ubiquitin
XP_027243869.1,actin-related protein 2 [Cricetulus griseus],FALSE,TRUE,TRUE,FALSE,FALSE,TRUE,TRUE,TRUE,TRUE,TRUE,TRUE,FALSE,TRUE,FALSE,FALSE,FALSE,TRUE,TRUE,FALSE,6.75677082710249,44760.2587,1.26903553299492,5,-1.07269864770318,-53.9816472590185,52.9089486113153,-0.002479683167966,-0.124785635158465,0.122305951990499,,,actin-related protein 2,actin related protein 2,,,actin,,actin,,,
XP_027282301.1,C-C motif chemokine 2 [Cricetulus griseus],TRUE,TRUE,TRUE,TRUE,TRUE,TRUE,TRUE,TRUE,TRUE,TRUE,TRUE,FALSE,TRUE,TRUE,FALSE,FALSE,TRUE,TRUE,FALSE,10.2508502627896,15858.1841,4.1958041958042,6,8.08113752769492,-11.9980949654402,20.0792324931351,0.0373092953860044,-0.0553932497251565,0.092702545111161,,,c-c motif chemokine 2,c c motif chemokine 2,c c motif chemokine,,,,,c c motif chemokine,,
XP_027287131.1,calmodulin-3 isoform X3 [Cricetulus griseus],TRUE,FALSE,FALSE,TRUE,TRUE,TRUE,TRUE,FALSE,FALSE,TRUE,TRUE,FALSE,FALSE,FALSE,FALSE,FALSE,FALSE,FALSE,FALSE,3.46989182328379,16837.4184,0,0,-23.8991485943111,-38.9794189814498,15.0802703871387,-0.1060178387081,-0.172914685148847,0.0668968464407465,,,calmodulin-3 isoform x3,calmodulin 3 isoform x3,calmodulin,,,,,,,
XP_027267547.1,amyloid-like protein 2 isoform X6 [Cricetulus griseus],FALSE,FALSE,FALSE,FALSE,TRUE,TRUE,TRUE,TRUE,FALSE,TRUE,TRUE,FALSE,FALSE,FALSE,FALSE,FALSE,TRUE,TRUE,FALSE,4.20509787416212,87689.7313000004,2.44215938303342,19,-56.3540705816979,-141.925251162333,85.5711805806349,-0.0832031275817264,-0.209543421755291,0.126340294173564,,,amyloid-like protein 2 isoform x6,amyloid like protein 2 isoform x6,,,,,amyloid like protein 2,,,
XP_027246161.1,cathepsin B [Cricetulus griseus],TRUE,TRUE,TRUE,TRUE,TRUE,TRUE,TRUE,TRUE,TRUE,TRUE,TRUE,FALSE,TRUE,FALSE,FALSE,FALSE,TRUE,TRUE,FALSE,6.09970783016076,37503.7655,4.71976401179941,16,-6.0333655223042,-37.992320763891,31.9589552415868,-0.0156924194141005,-0.0988157322373412,0.0831233128232407,,,cathepsin b,cathepsin b,cathepsin b,cathepsin b,,,cathepsin b,cathepsin b,,
XP_027242349.1,galectin-3 [Cricetulus griseus],TRUE,FALSE,FALSE,TRUE,TRUE,TRUE,TRUE,TRUE,FALSE,TRUE,TRUE,FALSE,FALSE,FALSE,FALSE,FALSE,TRUE,FALSE,FALSE,9.19034495918278,27216.3426,0.383141762452107,1,3.86105800879275,-15.0051022546506,18.8661602634434,0.0124355978931384,-0.0483280534918986,0.060763651385037,,,galectin-3,galectin 3,,,,,,galectin,,
XP_027253429.1,glypican-1 isoform X2 [Cricetulus griseus],FALSE,TRUE,TRUE,FALSE,FALSE,FALSE,TRUE,TRUE,TRUE,TRUE,FALSE,FALSE,TRUE,FALSE,FALSE,FALSE,TRUE,TRUE,FALSE,7.18611725609462,61489.3854000002,3.40501792114695,19,0.983479653626622,-69.9731098028529,70.9565894564795,0.0018396934595424,-0.130891444447744,0.132731137907286,,,glypican-1 isoform x2,glypican 1 isoform x2,,,,,glypican 1,,,
XP_027256703.1,peptidyl-prolyl cis-trans isomerase C isoform X2 [Cricetulus griseus],TRUE,FALSE,FALSE,FALSE,TRUE,TRUE,TRUE,FALSE,FALSE,FALSE,TRUE,FALSE,FALSE,FALSE,FALSE,FALSE,TRUE,FALSE,FALSE,8.43182400435412,22870.0624,0.943396226415094,2,2.13081279887187,-22.9949556699979,25.1257684688698,0.0077069152502181,-0.0831702224733323,0.0908771377235504,,,peptidyl-prolyl cis-trans isomerase c isoform x2,peptidyl prolyl cis trans isomerase c isoform x2,,,,peptidyl prolyl cis trans isomerase,,peptidyl prolyl cis trans isomerase,,
XP_027273578.1,actin-related protein 3 [Cricetulus griseus],FALSE,TRUE,TRUE,FALSE,FALSE,TRUE,TRUE,TRUE,TRUE,FALSE,FALSE,FALSE,TRUE,FALSE,FALSE,FALSE,TRUE,TRUE,FALSE,5.57863513381694,47356.5876000001,1.91387559808612,8,-6.81133445059257,-57.9826879764193,51.1713535258267,-0.0151644079082545,-0.129089701653833,0.113925293745578,,,actin-related protein 3,actin related protein 3,,,actin,,actin,,,
XP_027251723.1,di-N-acetylchitobiase isoform X2 [Cricetulus griseus],FALSE,FALSE,FALSE,TRUE,TRUE,FALSE,TRUE,FALSE,FALSE,TRUE,TRUE,FALSE,FALSE,FALSE,FALSE,FALSE,FALSE,FALSE,FALSE,5.53346697948993,41738.9986,2.97297297297297,11,-4.61627694683571,-41.0025915161355,36.3863145692998,-0.011180057190925,-0.0993032531206247,0.0881231959296997,,,di-n-acetylchitobiase isoform x2,di n acetylchitobiase isoform x2,,,,,di n acetylchitobiase,,,
XP_027283961.1,peptidyl-prolyl cis-trans isomerase FKBP10 isoform X1 [Cricetulus griseus],FALSE,FALSE,FALSE,FALSE,FALSE,FALSE,TRUE,TRUE,TRUE,TRUE,FALSE,FALSE,FALSE,FALSE,FALSE,FALSE,TRUE,TRUE,FALSE,5.28634030979758,64717.7525000001,1.54905335628227,9,-13.7188773149981,-76.9862464760051,63.267369161007,-0.0248017965511498,-0.139180282649449,0.114378486098299,,,peptidyl-prolyl cis-trans isomerase fkbp10 isoform x1,peptidyl prolyl cis trans isomerase fkbp10 isoform x1,,,,peptidyl prolyl cis trans isomerase,,peptidyl prolyl cis trans isomerase,,
XP_027283783.1,granulins isoform X2 [Cricetulus griseus],TRUE,TRUE,TRUE,FALSE,TRUE,TRUE,TRUE,TRUE,TRUE,TRUE,TRUE,FALSE,TRUE,FALSE,FALSE,FALSE,TRUE,TRUE,FALSE,6.49296688288251,63924.1501000002,14.8648648648649,88,-8.31220506204211,-55.9836058772459,47.6714008152038,-0.0151514126550308,-0.102046413464489,0.0868950008094579,,,granulins isoform x2,granulins isoform x2,granulins,,,,,,,
XP_027280493.1,14-3-3 protein theta [Cricetulus griseus],TRUE,TRUE,TRUE,FALSE,TRUE,FALSE,TRUE,TRUE,TRUE,TRUE,FALSE,FALSE,TRUE,TRUE,FALSE,TRUE,TRUE,TRUE,FALSE,4.12073841609507,27763.9374,2.04081632653061,5,-13.9056370650697,-44.9830307439234,31.0773936788537,-0.0441960753559222,-0.142968884287233,0.0987728089313109,,,14-3-3 protein theta,14 3 3 protein theta,,,,,,14 3 3 protein theta,,
XP_027264240.1,peptidyl-prolyl cis-trans isomerase FKBP2 isoform X3 [Cricetulus griseus],FALSE,FALSE,FALSE,FALSE,TRUE,TRUE,TRUE,FALSE,FALSE,FALSE,TRUE,FALSE,FALSE,FALSE,FALSE,FALSE,FALSE,FALSE,FALSE,10.1883071671775,15370.8204,2.14285714285714,3,6.61190853468575,-16.9908289200426,23.6027374547283,0.0311680040280032,-0.0800933983646175,0.111261402392621,,,peptidyl-prolyl cis-trans isomerase fkbp2 isoform x3,peptidyl prolyl cis trans isomerase fkbp2 isoform x3,,,,peptidyl prolyl cis trans isomerase,,peptidyl prolyl cis trans isomerase,,
NP_001233750.1,heat shock protein HSP 90-alpha [Cricetulus griseus],FALSE,TRUE,TRUE,FALSE,FALSE,FALSE,TRUE,TRUE,TRUE,TRUE,TRUE,FALSE,TRUE,TRUE,FALSE,TRUE,TRUE,TRUE,FALSE,4.43025788259621,84847.9564000003,0.954979536152797,7,-37.7194675059741,-151.923934384788,114.204466878814,-0.0569269804337407,-0.229286663147351,0.172359682713611,,,heat shock protein hsp 90-alpha,heat shock protein hsp 90 alpha,heat shock protein hsp 90 alpha,,heat shock protein,,,,,
XP_027273832.1,40S ribosomal protein S28 [Cricetulus griseus],TRUE,FALSE,FALSE,FALSE,TRUE,TRUE,TRUE,FALSE,FALSE,FALSE,TRUE,FALSE,FALSE,FALSE,FALSE,FALSE,FALSE,FALSE,FALSE,11.2210311532405,7840.94159999999,1.44927536231884,1,4.82503498007024,-9.99457930773844,14.8196142878087,0.0356261183488188,-0.0737959552075542,0.109422073556373,,,40s ribosomal protein s28,40s ribosomal protein s28,,,,,,40s ribosomal protein s28,,
XP_027249198.1,protein S100-A10 [Cricetulus griseus],FALSE,TRUE,TRUE,FALSE,TRUE,FALSE,TRUE,TRUE,TRUE,TRUE,TRUE,FALSE,TRUE,FALSE,FALSE,FALSE,TRUE,TRUE,FALSE,6.78256765606357,11247.0589,2.06185567010309,2,-0.390960947808387,-15.9945193226144,15.6035583748061,-0.0022696257604518,-0.0928521717684269,0.090582546007975,,,protein s100-a10,protein s100 a10,,protein s100,,,,protein s100 a10,,
XP_027283255.1,SPARC isoform X4 [Cricetulus griseus],FALSE,FALSE,FALSE,FALSE,FALSE,FALSE,TRUE,FALSE,FALSE,TRUE,FALSE,FALSE,FALSE,FALSE,FALSE,FALSE,FALSE,FALSE,FALSE,4.22326601709306,34776.9759,4.90196078431373,15,-24.0110401738849,-56.969244494694,32.9582043208091,-0.0656744762025023,-0.155821041685258,0.0901465654827554,,,sparc isoform x4,sparc isoform x4,,,sparc,,sparc,,,
XP_027281031.1,nudC domain-containing protein 2 [Cricetulus griseus],FALSE,FALSE,FALSE,FALSE,TRUE,TRUE,TRUE,FALSE,FALSE,FALSE,TRUE,FALSE,FALSE,FALSE,FALSE,FALSE,FALSE,FALSE,FALSE,4.33638456859022,17717.7043,1.91082802547771,3,-5.9080637572558,-24.9880471711686,19.0799834139128,-0.025333025490116,-0.107145566118512,0.081812540628396,,,nudc domain-containing protein 2,nudc domain containing protein 2,,,,,,nudc domain containing protein 2,,
XP_027251707.1,protein CYR61 isoform X2 [Cricetulus griseus],TRUE,FALSE,FALSE,FALSE,TRUE,TRUE,TRUE,FALSE,FALSE,TRUE,TRUE,FALSE,FALSE,FALSE,FALSE,FALSE,FALSE,FALSE,FALSE,9.98387308582383,41440.2259,10.079575596817,38,12.6613340830634,-39.9849826399145,52.646316722978,0.0308114103761038,-0.0973036254250477,0.128115035801152,,,protein cyr61 isoform x2,protein cyr61 isoform x2,,,,,,protein cyr61,,
XP_027250157.1,cystatin-B [Cricetulus griseus],TRUE,FALSE,FALSE,FALSE,TRUE,TRUE,TRUE,FALSE,FALSE,FALSE,TRUE,FALSE,FALSE,FALSE,FALSE,FALSE,FALSE,FALSE,FALSE,7.40880092598299,11188.6091,1.02040816326531,1,0.610322716825355,-12.9935026314066,13.603825348232,0.0035554042509568,-0.075692995225249,0.0792483994762059,,,cystatin-b,cystatin b,,,,,,cystatin,,
XP_027250245.1,peptidyl-prolyl cis-trans isomerase-like 1 isoform X2 [Cricetulus griseus],FALSE,FALSE,FALSE,FALSE,TRUE,TRUE,TRUE,TRUE,FALSE,FALSE,TRUE,FALSE,FALSE,FALSE,FALSE,FALSE,FALSE,FALSE,FALSE,9.5300963382469,16138.2868,1.36054421768707,2,3.86723095796296,-14.9981883846027,18.8654193425656,0.0176471811220739,-0.0684406361562346,0.0860878172783085,,,peptidyl-prolyl cis-trans isomerase-like 1 isoform x2,peptidyl prolyl cis trans isomerase like 1 isoform x2,,,,peptidyl prolyl cis trans isomerase,,peptidyl prolyl cis trans isomerase,,
XP_027270017.1,60S acidic ribosomal protein P0 isoform X1 [Cricetulus griseus],FALSE,TRUE,TRUE,FALSE,FALSE,TRUE,TRUE,TRUE,TRUE,FALSE,FALSE,FALSE,TRUE,TRUE,FALSE,TRUE,TRUE,TRUE,FALSE,6.14052255041375,34230.0369000001,0.946372239747634,3,-2.12136764739578,-35.9844142288282,33.8630465814324,-0.0058639629262651,-0.0994694489756441,0.093605486049379,,,60s acidic ribosomal protein p0 isoform x1,60s acidic ribosomal protein p0 isoform x1,60s acidic ribosomal protein p0,,,,,,,
XP_027251270.1,glutathione S-transferase isoform X1 [Cricetulus griseus],FALSE,FALSE,FALSE,FALSE,TRUE,FALSE,TRUE,FALSE,FALSE,FALSE,TRUE,FALSE,FALSE,FALSE,FALSE,FALSE,FALSE,FALSE,FALSE,8.25075171411349,25694.3489,1.8348623853211,4,1.86879794774319,-31.9942486336893,33.8630465814324,0.006254377969971,-0.107076382474613,0.113330760444584,,,glutathione s-transferase isoform x1,glutathione s transferase isoform x1,,glutathione s transferase,,,,glutathione s transferase,,
XP_027283365.1,S-phase kinase-associated protein 1 [Cricetulus griseus],FALSE,TRUE,TRUE,FALSE,TRUE,FALSE,TRUE,TRUE,TRUE,TRUE,FALSE,FALSE,FALSE,FALSE,FALSE,FALSE,TRUE,FALSE,FALSE,3.79595529483027,18657.7932,1.84049079754601,3,-17.6400126951992,-38.9798912877643,21.3398785925651,-0.0730755730107062,-0.161478222321441,0.0884026493107347,,,s-phase kinase-associated protein 1,s phase kinase associated protein 1,,,,,,s phase kinase associated protein 1,,
XP_027269992.1,heat shock protein beta-8 [Cricetulus griseus],FALSE,TRUE,FALSE,FALSE,FALSE,FALSE,TRUE,TRUE,TRUE,TRUE,TRUE,FALSE,FALSE,FALSE,FALSE,FALSE,TRUE,FALSE,FALSE,4.47690839359581,21574.1093,1.53061224489796,3,-6.38388890889174,-26.9876442578237,20.603755348932,-0.0240054724308662,-0.101482209269472,0.0774767368386058,,,heat shock protein beta-8,heat shock protein beta 8,,,heat shock protein,,,,,
XP_027250026.1,glutathione S-transferase theta-2 [Cricetulus griseus],FALSE,FALSE,FALSE,FALSE,TRUE,TRUE,TRUE,FALSE,FALSE,FALSE,TRUE,FALSE,FALSE,FALSE,FALSE,FALSE,FALSE,FALSE,FALSE,7.26443862499561,27776.0629,2.04918032786885,5,0.924492963837585,-28.9881432759404,29.912636239778,0.0029374467676185,-0.0921057607747626,0.0950432075423811,,,glutathione s-transferase theta-2,glutathione s transferase theta 2,,glutathione s transferase,,,,glutathione s transferase,,
XP_027277349.1,peptidyl-prolyl cis-trans isomerase FKBP1A isoform X2 [Cricetulus griseus],TRUE,FALSE,FALSE,FALSE,TRUE,TRUE,TRUE,FALSE,FALSE,FALSE,TRUE,FALSE,FALSE,FALSE,FALSE,FALSE,FALSE,FALSE,FALSE,8.51222896820812,11950.569,0.925925925925926,1,1.60890460323311,-13.9951477188248,15.6040523220579,0.0089698412723431,-0.0780246717975642,0.0869945130699074,,,peptidyl-prolyl cis-trans isomerase fkbp1a isoform x2,peptidyl prolyl cis trans isomerase fkbp1a isoform x2,,,,peptidyl prolyl cis trans isomerase,,peptidyl prolyl cis trans isomerase,,
XP_027288083.1,metalloproteinase inhibitor 1 [Cricetulus griseus],TRUE,TRUE,TRUE,TRUE,TRUE,TRUE,TRUE,TRUE,TRUE,TRUE,TRUE,FALSE,TRUE,TRUE,FALSE,TRUE,TRUE,TRUE,FALSE,10.0624831516154,22400.763,5.91133004926108,12,7.86635707908722,-12.9990422636784,20.8653993427656,0.0288477515199366,-0.0476704956881085,0.0765182472080451,,,metalloproteinase inhibitor 1,metalloproteinase inhibitor 1,metalloproteinase inhibitor 1,,metalloproteinase inhibitor 1,,metalloproteinase inhibitor 1,metalloproteinase inhibitor 1,,
XP_027255222.1,collagen alpha-1(XVI) chain isoform X5 [Cricetulus griseus],TRUE,TRUE,TRUE,FALSE,TRUE,TRUE,TRUE,TRUE,TRUE,TRUE,TRUE,FALSE,FALSE,FALSE,FALSE,FALSE,FALSE,FALSE,FALSE,8.97404119952735,154783.9632,1.90718372536554,30,9.11887814762556,-146.915955771146,156.034833918772,0.0092180195248261,-0.14851324108981,0.157731260614636,,,collagen alpha-1(xvi) chain isoform x5,collagen alpha 1(xvi) chain isoform x5,,,,,,collagen alpha ,,
XP_027258725.1,40S ribosomal protein S12 isoform X2 [Cricetulus griseus],TRUE,TRUE,TRUE,FALSE,TRUE,TRUE,TRUE,TRUE,TRUE,FALSE,TRUE,FALSE,TRUE,TRUE,FALSE,FALSE,TRUE,TRUE,FALSE,7.40326808403592,14514.794,5.3030303030303,7,0.61195941420487,-21.9900471195457,22.6020065337506,0.0029970608142876,-0.107695881453122,0.11069294226741,,,40s ribosomal protein s12 isoform x2,40s ribosomal protein s12 isoform x2,,,,,,40s ribosomal protein s12,,
XP_027277165.1,eukaryotic translation initiation factor 6 isoform X1 [Cricetulus griseus],FALSE,TRUE,TRUE,FALSE,FALSE,FALSE,TRUE,TRUE,TRUE,FALSE,FALSE,FALSE,TRUE,TRUE,FALSE,FALSE,TRUE,TRUE,FALSE,4.08500709981193,26584.8039,3.6734693877551,9,-13.8553246657801,-32.9838698439349,19.1285451781548,-0.0453288379543107,-0.107909451949145,0.0625806139948341,,,eukaryotic translation initiation factor 6 isoform x1,eukaryotic translation initiation factor 6 isoform x1,,,,,,eukaryotic translation initiation factor 6,,
XP_027269013.1,stromal cell-derived factor 2-like protein 1 [Cricetulus griseus],FALSE,TRUE,TRUE,FALSE,TRUE,TRUE,TRUE,TRUE,TRUE,FALSE,TRUE,FALSE,TRUE,FALSE,FALSE,TRUE,TRUE,TRUE,FALSE,7.25955062608192,23523.9247,1.81818181818182,4,1.49449648628601,-22.9905434520532,24.4850399383392,0.0053047944942398,-0.081606152602686,0.0869109470969259,,,stromal cell-derived factor 2-like protein 1,stromal cell derived factor 2 like protein 1,,,,,,stromal cell derived factor 2 like protein 1,,
XP_027282302.1,C-C motif chemokine 7 [Cricetulus griseus],TRUE,FALSE,FALSE,FALSE,TRUE,TRUE,TRUE,FALSE,FALSE,FALSE,TRUE,FALSE,FALSE,FALSE,FALSE,FALSE,FALSE,FALSE,FALSE,10.0275465697489,11019.9618,5.15463917525773,5,6.3423971170232,-9.99827239591964,16.3406695129428,0.0373233162383166,-0.0588371676488285,0.0961604838871452,,,c-c motif chemokine 7,c c motif chemokine 7,c c motif chemokine,,,,,c c motif chemokine,,
XP_027254719.1,40S ribosomal protein S20 isoform X2 [Cricetulus griseus],FALSE,TRUE,FALSE,FALSE,FALSE,TRUE,TRUE,TRUE,TRUE,FALSE,FALSE,FALSE,TRUE,FALSE,FALSE,FALSE,TRUE,TRUE,FALSE,10.7243744428963,13372.5619,1.68067226890756,2,9.61194658717168,-14.9907808676566,24.6027274548283,0.0497181687168759,-0.0775403988793053,0.127258567596181,,,40s ribosomal protein s20 isoform x2,40s ribosomal protein s20 isoform x2,,,,,,40s ribosomal protein s20,,
XP_027264258.1,"peroxiredoxin-5, mitochondrial [Cricetulus griseus]",FALSE,FALSE,FALSE,FALSE,FALSE,FALSE,TRUE,TRUE,FALSE,FALSE,TRUE,FALSE,FALSE,FALSE,FALSE,FALSE,TRUE,FALSE,FALSE,10.2228005491913,22559.7578,1.40845070422535,3,6.35366750943352,-22.9863780575575,29.340045566991,0.0231907635873978,-0.0838998355629868,0.107090599150385,,,"peroxiredoxin-5, mitochondrial",peroxiredoxin 5 mitochondrial,,peroxiredoxin,,,,,,
XP_027252702.1,"60 kDa heat shock protein, mitochondrial [Cricetulus griseus]",FALSE,TRUE,TRUE,FALSE,FALSE,FALSE,TRUE,TRUE,TRUE,FALSE,TRUE,FALSE,FALSE,FALSE,FALSE,FALSE,TRUE,FALSE,FALSE,5.55400233076118,60987.8495000001,0.523560209424084,3,-3.36745346882997,-80.959525010296,77.592071541466,-0.0063336332178653,-0.152271721540958,0.145938088323093,,,"60 kda heat shock protein, mitochondrial",60 kda heat shock protein mitochondrial,,,heat shock protein,,,,,
XP_027264803.1,ribonuclease inhibitor isoform X2 [Cricetulus griseus],TRUE,TRUE,TRUE,FALSE,TRUE,TRUE,TRUE,TRUE,TRUE,FALSE,FALSE,FALSE,TRUE,FALSE,FALSE,FALSE,TRUE,TRUE,FALSE,4.16104743061091,50021.2884,7.23684210526316,33,-19.1052464527295,-60.9684600085878,41.8632135558583,-0.0410106117942185,-0.13087262974021,0.0898620179459917,,,ribonuclease inhibitor isoform x2,ribonuclease inhibitor isoform x2,,,,,,ribonuclease inhibitor,,
XP_027265588.1,drebrin isoform X4 [Cricetulus griseus],FALSE,FALSE,FALSE,FALSE,FALSE,FALSE,TRUE,FALSE,FALSE,FALSE,FALSE,FALSE,FALSE,FALSE,FALSE,FALSE,FALSE,FALSE,FALSE,3.93970290212382,76997.3978000005,1.84135977337111,13,-65.9564283049463,-134.913037761226,68.9566094562795,-0.106198883380913,-0.217228469339275,0.111029585958362,,,drebrin isoform x4,drebrin isoform x4,,,,,,drebrin,,
XP_027279267.1,syndecan-4 [Cricetulus griseus],FALSE,FALSE,FALSE,FALSE,FALSE,FALSE,TRUE,FALSE,FALSE,FALSE,FALSE,FALSE,FALSE,FALSE,FALSE,FALSE,FALSE,FALSE,FALSE,3.86186646640503,22209.8729,0.495049504950495,1,-17.3793203093504,-36.9825917109306,19.6032714015801,-0.0640986562197433,-0.136399720472306,0.0723010642525625,,,syndecan-4,syndecan 4,,,,,syndecan 4,,,
XP_027248705.1,peptidyl-prolyl cis-trans isomerase D isoform X2 [Cricetulus griseus],FALSE,FALSE,FALSE,FALSE,TRUE,FALSE,TRUE,TRUE,TRUE,FALSE,TRUE,FALSE,FALSE,FALSE,FALSE,FALSE,TRUE,FALSE,FALSE,7.26185473464196,40835.2611,1.89189189189189,7,0.92686573233768,-51.9786252482149,52.9054909805526,0.0022777538406613,-0.12773642304459,0.130014176885251,,,peptidyl-prolyl cis-trans isomerase d isoform x2,peptidyl prolyl cis trans isomerase d isoform x2,,,,peptidyl prolyl cis trans isomerase,,peptidyl prolyl cis trans isomerase,,
NP_001231051.1,calreticulin precursor [Cricetulus griseus],FALSE,TRUE,FALSE,FALSE,FALSE,FALSE,TRUE,TRUE,TRUE,TRUE,FALSE,FALSE,TRUE,FALSE,FALSE,FALSE,TRUE,TRUE,FALSE,3.71181733322971,48242.0673000001,0.719424460431655,3,-54.3119257219301,-108.954764814345,54.6428390924153,-0.119433120945603,-0.239593927681654,0.12016080673605,,,calreticulin precursor,calreticulin precursor,calreticulin,,,,,,,
XP_027259718.1,myosin-9 isoform X2 [Cricetulus griseus],FALSE,TRUE,TRUE,FALSE,FALSE,TRUE,TRUE,TRUE,TRUE,FALSE,FALSE,FALSE,TRUE,FALSE,FALSE,FALSE,TRUE,TRUE,FALSE,5.15948013279713,226673.776900001,1.07142857142857,21,-38.1438270048804,-376.767368649269,338.623541644388,-0.0298999362895277,-0.295337966930921,0.265438030641393,,,myosin-9 isoform x2,myosin 9 isoform x2,myosin 9,,,,,,,
XP_027249196.1,protein S100-A11 [Cricetulus griseus],TRUE,TRUE,TRUE,TRUE,TRUE,TRUE,TRUE,TRUE,TRUE,TRUE,TRUE,FALSE,TRUE,FALSE,FALSE,FALSE,FALSE,FALSE,FALSE,7.10685448431178,11240.8098,3,3,0.086485265052734,-13.9933011747342,14.0797864397869,0.0005022545819052,-0.0812647059207635,0.0817669605026687,,,protein s100-a11,protein s100 a11,,protein s100,,,,protein s100 a11,,
XP_027249169.1,protein S100-A6 isoform X1 [Cricetulus griseus],TRUE,TRUE,TRUE,FALSE,TRUE,TRUE,TRUE,TRUE,TRUE,TRUE,TRUE,FALSE,TRUE,FALSE,FALSE,FALSE,TRUE,TRUE,FALSE,4.88065224876072,10050.4993,1.12359550561798,1,-2.6523596091535,-15.9940470163,13.3416874071465,-0.0165966652130581,-0.100079884648885,0.0834832194358265,,,protein s100-a6 isoform x1,protein s100 a6 isoform x1,protein s100 a6,protein s100,,,,protein s100 a6,,
XP_027288630.1,alpha-galactosidase A isoform X3 [Cricetulus griseus],TRUE,TRUE,TRUE,TRUE,TRUE,FALSE,TRUE,TRUE,TRUE,FALSE,FALSE,FALSE,TRUE,FALSE,FALSE,FALSE,TRUE,TRUE,FALSE,4.34610856189271,47872.2576,3.3175355450237,14,-11.8700729103101,-49.995217433228,38.1251445229179,-0.0262368061735262,-0.11050604653486,0.0842692403613336,,,alpha-galactosidase a isoform x3,alpha galactosidase a isoform x3,,,,,alpha galactosidase a,,,
XP_027260663.1,"actin, alpha skeletal muscle [Cricetulus griseus]",FALSE,FALSE,FALSE,FALSE,FALSE,FALSE,TRUE,FALSE,TRUE,FALSE,TRUE,FALSE,FALSE,FALSE,FALSE,FALSE,FALSE,FALSE,FALSE,4.80403795674993,42050.5824000001,1.59151193633952,6,-10.812591366525,-50.9850427857554,40.1724514192304,-0.0260572532007983,-0.122868803997809,0.0968115507970108,,,"actin, alpha skeletal muscle",actin alpha skeletal muscle,,,actin,,actin,,,
XP_027285235.1,"serine protease HTRA2, mitochondrial [Cricetulus griseus]",FALSE,FALSE,FALSE,FALSE,TRUE,FALSE,TRUE,TRUE,FALSE,TRUE,FALSE,FALSE,FALSE,FALSE,FALSE,FALSE,TRUE,FALSE,FALSE,10.0520321436611,47798.3534,0.223214285714286,1,8.40462657982696,-39.9845316741837,48.3891582540107,0.0185961618762024,-0.0884701796677053,0.107066341543908,,,"serine protease htra2, mitochondrial",serine protease htra2 mitochondrial,serine protease,serine protease,,,,,,
XP_027281226.1,"actin, cytoplasmic 2 isoform X2 [Cricetulus griseus]",FALSE,TRUE,TRUE,TRUE,FALSE,TRUE,FALSE,TRUE,TRUE,TRUE,FALSE,TRUE,TRUE,TRUE,FALSE,FALSE,TRUE,TRUE,FALSE,4.93504589113172,41792.3943000001,1.6,6,-9.81117176197229,-49.9836231812026,40.1724514192304,-0.0237412125734412,-0.120951080250701,0.0972098676772593,,,"actin, cytoplasmic 2 isoform x2",actin cytoplasmic 2 isoform x2,,,actin,,actin,,,
XP_027260200.1,serine protease HTRA1 isoform X2 [Cricetulus griseus],FALSE,FALSE,FALSE,FALSE,FALSE,FALSE,FALSE,TRUE,TRUE,FALSE,FALSE,FALSE,FALSE,FALSE,FALSE,FALSE,FALSE,TRUE,FALSE,9.15727515861746,51272.382,3.33333333333333,16,4.40790027221575,-55.9759515368508,60.3838518090666,0.0093072836597997,-0.118193250052544,0.127500533712344,,,serine protease htra1 isoform x2,serine protease htra1 isoform x2,serine protease,serine protease,,serine protease htra1,,serine protease htra1,,
XP_027265076.1,serpin B6 isoform X1 [Cricetulus griseus],FALSE,TRUE,TRUE,FALSE,TRUE,FALSE,FALSE,TRUE,TRUE,TRUE,FALSE,FALSE,TRUE,FALSE,FALSE,TRUE,TRUE,TRUE,FALSE,5.63188380108429,43083.2370000001,2.11640211640212,8,-5.32944171868701,-54.9740596259836,49.6446179072966,-0.0126373598668025,-0.130356425964213,0.117719066097411,,,serpin b6 isoform x1,serpin b6 isoform x1,,,,,,serpin b6,,
XP_027263985.1,lactadherin isoform X5 [Cricetulus griseus],FALSE,TRUE,TRUE,FALSE,FALSE,FALSE,FALSE,TRUE,TRUE,FALSE,TRUE,FALSE,TRUE,FALSE,FALSE,FALSE,TRUE,TRUE,FALSE,9.09829400838465,53621.244,4.28571428571429,21,5.91088482937799,-39.9983807548632,45.9092655842412,0.0121136427113426,-0.0819718379706008,0.0940854806819433,,,lactadherin isoform x5,lactadherin isoform x5,lactadherin,,,,lactadherin,,,
XP_027244842.1,peptidyl-prolyl cis-trans isomerase FKBP5 [Cricetulus griseus],FALSE,FALSE,FALSE,FALSE,FALSE,FALSE,FALSE,TRUE,TRUE,FALSE,FALSE,FALSE,FALSE,FALSE,FALSE,FALSE,TRUE,FALSE,FALSE,6.56637589300838,51026.6557000001,2.41228070175439,11,-1.58403627512449,-75.962561639447,74.3785253643225,-0.0033554227039771,-0.160909511972654,0.157554089268677,,,peptidyl-prolyl cis-trans isomerase fkbp5,peptidyl prolyl cis trans isomerase fkbp5,,,,peptidyl prolyl cis trans isomerase,,peptidyl prolyl cis trans isomerase,,
XP_027248528.1,"ATP synthase subunit beta, mitochondrial [Cricetulus griseus]",FALSE,FALSE,FALSE,FALSE,FALSE,FALSE,FALSE,TRUE,TRUE,FALSE,FALSE,FALSE,FALSE,FALSE,FALSE,FALSE,TRUE,TRUE,FALSE,4.72557433023474,56369.8880000001,0,0,-13.5413235586597,-64.974568051946,51.4332444932863,-0.0268416898321994,-0.128792964371357,0.101951274539157,,,"atp synthase subunit beta, mitochondrial",atp synthase subunit beta mitochondrial,,,atp synthase subunit beta mitochondrial,,,,,
XP_027273163.1,laminin subunit gamma-1 isoform X2 [Cricetulus griseus],FALSE,TRUE,TRUE,FALSE,FALSE,FALSE,FALSE,TRUE,TRUE,FALSE,FALSE,FALSE,FALSE,FALSE,FALSE,FALSE,FALSE,FALSE,FALSE,4.47138122342026,177096.483100001,6.22277535780958,100,-60.5002178372197,-243.894784149139,183.394566311919,-0.0559066968422539,-0.225376903526526,0.169470206684272,,,laminin subunit gamma-1 isoform x2,laminin subunit gamma 1 isoform x2,laminin subunit gamma 1,,,,laminin subunit gamma 1,,,
XP_027265128.1,phosphatidylinositol-glycan-specific phospholipase D [Cricetulus griseus],FALSE,TRUE,FALSE,FALSE,FALSE,FALSE,FALSE,TRUE,TRUE,FALSE,FALSE,FALSE,TRUE,FALSE,FALSE,FALSE,TRUE,TRUE,FALSE,6.73574394408905,93604.6910000007,1.18906064209275,10,-3.84697756344576,-85.9920236845972,82.1450461211515,-0.0054379444100042,-0.12155512653465,0.116117182124645,,,phosphatidylinositol-glycan-specific phospholipase d,phosphatidylinositol glycan specific phospholipase d,,,,,,lipase,,
XP_027279826.1,"heat shock protein 75 kDa, mitochondrial [Cricetulus griseus]",FALSE,FALSE,FALSE,FALSE,FALSE,FALSE,FALSE,TRUE,TRUE,FALSE,FALSE,FALSE,FALSE,FALSE,FALSE,FALSE,TRUE,FALSE,FALSE,7.52769535469058,80293.1153000003,0.708215297450425,5,3.03692180389485,-95.9610341581011,98.997955961996,0.0047551211930824,-0.150252912883723,0.155008034076806,,,"heat shock protein 75 kda, mitochondrial",heat shock protein 75 kda mitochondrial,,,heat shock protein,,,,,
XP_027254912.1,peptidyl-prolyl cis-trans isomerase H isoform X2 [Cricetulus griseus],FALSE,FALSE,FALSE,FALSE,FALSE,FALSE,FALSE,TRUE,TRUE,FALSE,TRUE,FALSE,FALSE,FALSE,FALSE,FALSE,FALSE,TRUE,FALSE,9.83333559328546,21106.1981,2.09424083769633,4,4.60865253611927,-17.994341892135,22.6029944282542,0.0175852067659916,-0.0686608982367745,0.0862461050027661,,,peptidyl-prolyl cis-trans isomerase h isoform x2,peptidyl prolyl cis trans isomerase h isoform x2,,,,peptidyl prolyl cis trans isomerase,,peptidyl prolyl cis trans isomerase,,
XP_027275671.1,proteasome subunit alpha type-7 isoform X2 [Cricetulus griseus],FALSE,TRUE,FALSE,FALSE,FALSE,FALSE,FALSE,TRUE,TRUE,FALSE,FALSE,FALSE,FALSE,FALSE,FALSE,FALSE,TRUE,TRUE,FALSE,9.19043733304502,27854.5035,1.20967741935484,3,3.61400437782988,-37.9860833424393,41.6000877202692,0.0114614240119121,-0.120468754938521,0.131930178950433,,,proteasome subunit alpha type-7 isoform x2,proteasome subunit alpha type 7 isoform x2,proteasome subunit alpha type 7,,,,,,,
XP_027284541.1,sepiapterin reductase isoform X2 [Cricetulus griseus],FALSE,FALSE,FALSE,FALSE,TRUE,FALSE,FALSE,TRUE,FALSE,TRUE,TRUE,FALSE,FALSE,FALSE,FALSE,FALSE,TRUE,TRUE,FALSE,6.78838764943309,28253.2982,3.04182509505703,8,-0.386344916487618,-27.9892893452419,27.6029444287542,-0.0012136942270834,-0.087927749140134,0.0867140549130506,,,sepiapterin reductase isoform x2,sepiapterin reductase isoform x2,,,,,,sepiapterin reductase,,
XP_027265340.1,histone H2B type 1 [Cricetulus griseus],FALSE,FALSE,FALSE,FALSE,FALSE,FALSE,FALSE,TRUE,FALSE,FALSE,FALSE,FALSE,FALSE,FALSE,FALSE,FALSE,TRUE,FALSE,FALSE,10.7914957821111,13905.9686,0,0,18.6033500070142,-10.9975986329327,29.600948639947,0.0937498353503469,-0.055421365544265,0.149171200894612,,,histone h2b type 1,histone h2b type 1,histone h2b type 1 n,,,,,,,
XP_027284320.1,protein disulfide-isomerase A4 [Cricetulus griseus],FALSE,FALSE,FALSE,FALSE,FALSE,FALSE,FALSE,TRUE,FALSE,FALSE,TRUE,FALSE,TRUE,FALSE,FALSE,FALSE,TRUE,TRUE,FALSE,4.49741146319617,72585.2101000004,0.934579439252336,6,-24.2772122509955,-113.961347849627,89.6841355986317,-0.0406580840526382,-0.190855935669965,0.150197851617327,,,protein disulfide-isomerase a4,protein disulfide isomerase a4,protein disulfide isomerase,protein disulfide isomerase,,,,,,protein disulfide isomeras
XP_027266732.1,procollagen C-endopeptidase enhancer 2 isoform X2 [Cricetulus griseus],FALSE,TRUE,TRUE,FALSE,FALSE,FALSE,FALSE,TRUE,TRUE,FALSE,FALSE,FALSE,TRUE,FALSE,FALSE,FALSE,TRUE,TRUE,FALSE,10.2192437568617,45272.8713,3.86473429951691,16,17.866177318689,-32.9949704490621,50.8611477677511,0.0409876607903245,-0.0756953562270018,0.116683017017326,,,procollagen c-endopeptidase enhancer 2 isoform x2,procollagen c endopeptidase enhancer 2 isoform x2,procollagen c endopeptidase enhancer,,,,,,,
XP_027270673.1,pyruvate kinase PKM isoform X1 [Cricetulus griseus],FALSE,TRUE,TRUE,FALSE,FALSE,FALSE,FALSE,TRUE,TRUE,FALSE,FALSE,FALSE,TRUE,FALSE,FALSE,FALSE,TRUE,FALSE,FALSE,7.22320916115188,57977.2527000001,1.69491525423729,9,1.24600691718166,-67.9700237702984,69.21603068748,0.0024239791773085,-0.132228738081995,0.134652717259303,,,pyruvate kinase pkm isoform x1,pyruvate kinase pkm isoform x1,pyruvate kinase,pyruvate kinase,,pyruvate kinase,,,,
XP_027264418.1,barrier-to-autointegration factor [Cricetulus griseus],FALSE,TRUE,FALSE,FALSE,FALSE,FALSE,FALSE,TRUE,FALSE,FALSE,FALSE,FALSE,FALSE,FALSE,FALSE,FALSE,TRUE,FALSE,FALSE,5.75615180365284,10058.4699,4.49438202247191,4,-0.912177058696571,-15.9922004722094,15.0800234135128,-0.0057047688403736,-0.10001545870188,0.0943106898615065,,,barrier-to-autointegration factor,barrier to autointegration factor,,,,,,barrier to autointegration factor,,
XP_027269631.1,matrix metalloproteinase-17 isoform X2 [Cricetulus griseus],FALSE,FALSE,FALSE,FALSE,FALSE,FALSE,FALSE,TRUE,FALSE,FALSE,FALSE,FALSE,FALSE,FALSE,FALSE,FALSE,FALSE,FALSE,FALSE,6.55053124346289,65342.7589000003,1.0221465076661,6,-4.934173343142,-69.9876993538796,65.0535260107375,-0.0088633168996113,-0.12571977417663,0.116856457277019,,,matrix metalloproteinase-17 isoform x2,matrix metalloproteinase 17 isoform x2,,matrix metalloproteinase,,,,,,
XP_027280694.1,3-phosphoinositide-dependent protein kinase 1 isoform X2 [Cricetulus griseus],FALSE,FALSE,FALSE,FALSE,FALSE,FALSE,FALSE,TRUE,FALSE,FALSE,FALSE,FALSE,FALSE,FALSE,FALSE,FALSE,TRUE,FALSE,FALSE,7.28453728816776,63800.8190000001,1.61001788908766,9,1.76108722009047,-70.9777075081051,72.7387947281955,0.0032142294989748,-0.129544203512216,0.132758433011191,,,3-phosphoinositide-dependent protein kinase 1 isoform x2,3 phosphoinositide dependent protein kinase 1 isoform x2,,,,,3 phosphoinositide dependent protein kinase 1,,,
XP_027259796.1,85/88 kDa calcium-independent phospholipase A2 isoform X4 [Cricetulus griseus],FALSE,FALSE,FALSE,FALSE,FALSE,FALSE,FALSE,TRUE,FALSE,FALSE,FALSE,FALSE,FALSE,FALSE,FALSE,FALSE,TRUE,FALSE,FALSE,7.23432561679329,83860.2741000004,2.12765957446808,16,2.392479323682,-83.9656090274611,86.3580883511431,0.0036390737825749,-0.127715647707049,0.131354721489624,,,85/88 kda calcium-independent phospholipase a2 isoform x4,85/88 kda calcium independent phospholipase a2 isoform x4,,,,,,lipase,,
XP_027281318.1,galectin-3-binding protein [Cricetulus griseus],FALSE,TRUE,TRUE,FALSE,FALSE,FALSE,FALSE,TRUE,TRUE,FALSE,TRUE,FALSE,TRUE,FALSE,FALSE,FALSE,TRUE,FALSE,FALSE,4.55598177487177,63801.4987000003,2.78745644599303,16,-17.0276517763087,-61.9867239928214,44.9590722165127,-0.0310776157487719,-0.113133602629481,0.0820559868807094,,,galectin-3-binding protein,galectin 3 binding protein,galectin 3 binding protein,,galectin 3 binding protein,,galectin 3 binding protein,galectin,,
NP_001233698.1,matrix metalloproteinase-14 precursor [Cricetulus griseus],FALSE,FALSE,FALSE,FALSE,FALSE,FALSE,FALSE,TRUE,FALSE,FALSE,TRUE,FALSE,FALSE,FALSE,FALSE,FALSE,TRUE,FALSE,FALSE,8.2015320817389,66067.3625000002,0.859106529209622,5,3.97163259787918,-67.9827240960671,71.9543566939463,0.0070820328972023,-0.121223672287027,0.128305705184229,,,matrix metalloproteinase-14 precursor,matrix metalloproteinase 14 precursor,,matrix metalloproteinase,,,,,,
XP_027278950.1,TBC1 domain family member 13 isoform X1 [Cricetulus griseus],FALSE,FALSE,FALSE,FALSE,FALSE,FALSE,FALSE,TRUE,FALSE,FALSE,FALSE,FALSE,FALSE,FALSE,FALSE,FALSE,TRUE,FALSE,FALSE,4.65949344620257,46514.0037000001,2.75,11,-9.85584899553662,-56.979668651225,47.1238196556884,-0.0222067538367776,-0.128384016030678,0.1061772621939,,,tbc1 domain family member 13 isoform x1,tbc1 domain family member 13 isoform x1,,,,,,tbc1 domain family member 13,,
XP_027270419.1,collagen alpha-1(VII) chain isoform X3 [Cricetulus griseus],FALSE,FALSE,FALSE,FALSE,FALSE,FALSE,FALSE,TRUE,FALSE,FALSE,FALSE,FALSE,FALSE,FALSE,FALSE,FALSE,FALSE,FALSE,FALSE,6.76730615475669,284628.497100004,0.526870389884089,15,-4.14694644887326,-310.842338401513,306.69539195264,-0.0027929062655523,-0.209347655009242,0.20655474874369,,,collagen alpha-1(vii) chain isoform x3,collagen alpha 1(vii) chain isoform x3,,,,,,collagen alpha ,,
XP_027259446.1,protein disulfide-isomerase TMX3 isoform X5 [Cricetulus griseus],FALSE,FALSE,FALSE,FALSE,FALSE,FALSE,FALSE,TRUE,FALSE,FALSE,FALSE,FALSE,FALSE,FALSE,FALSE,FALSE,TRUE,FALSE,FALSE,4.42110395834489,52123.7541000001,1.30434782608696,6,-17.8122893823622,-70.9821410666334,53.1698516842712,-0.0371999883204245,-0.14824230406071,0.111042315740285,,,protein disulfide-isomerase tmx3 isoform x5,protein disulfide isomerase tmx3 isoform x5,protein disulfide isomerase,protein disulfide isomerase,,,,,,protein disulfide isomeras
XP_027288513.1,peroxiredoxin-4 isoform X5 [Cricetulus griseus],TRUE,TRUE,TRUE,FALSE,FALSE,FALSE,FALSE,FALSE,TRUE,FALSE,FALSE,FALSE,TRUE,TRUE,FALSE,FALSE,FALSE,TRUE,FALSE,6.9072557801871,31135.2089,1.45985401459854,4,-0.339805516954372,-35.9895028953692,35.6496973784148,-0.0010005591223506,-0.105971279553014,0.104970720430664,,,peroxiredoxin-4 isoform x5,peroxiredoxin 4 isoform x5,,peroxiredoxin,,,,,,
XP_027279237.1,matrix metalloproteinase-9 [Cricetulus griseus],FALSE,FALSE,TRUE,FALSE,FALSE,FALSE,FALSE,FALSE,TRUE,FALSE,FALSE,FALSE,FALSE,FALSE,FALSE,FALSE,FALSE,FALSE,FALSE,5.67536941491878,78892.8044000004,2.53521126760563,18,-10.2483124739515,-81.9903278591838,71.7420153852324,-0.0162358220302646,-0.129892640833139,0.113656818802874,,,matrix metalloproteinase-9,matrix metalloproteinase 9,,matrix metalloproteinase,,,matrix metalloproteinase 9,,,
XP_027250508.1,ubiquitin-60S ribosomal protein L40 isoform X1 [Cricetulus griseus],TRUE,TRUE,TRUE,FALSE,TRUE,TRUE,FALSE,FALSE,TRUE,FALSE,FALSE,FALSE,TRUE,FALSE,FALSE,FALSE,TRUE,FALSE,FALSE,10.7733140674274,26776.9138,2.5974025974026,6,19.6579294819976,-25.9899390820358,45.6478685640334,0.0640045642727248,-0.0846210547221538,0.148625618994879,,,ubiquitin-60s ribosomal protein l40 isoform x1,ubiquitin 60s ribosomal protein l40 isoform x1,,,,,,ubiquitin,,ubiquitin
XP_027249183.1,protein S100-A4 [Cricetulus griseus],FALSE,FALSE,FALSE,FALSE,FALSE,FALSE,FALSE,FALSE,TRUE,FALSE,FALSE,FALSE,FALSE,FALSE,FALSE,FALSE,FALSE,FALSE,FALSE,4.72535393119145,11848.4871,3.96039603960396,4,-2.91118754005556,-19.9904500328906,17.0792624928351,-0.0163233178236568,-0.112088439798206,0.0957651219745492,,,protein s100-a4,protein s100 a4,,protein s100,,,,,,
XP_027267631.1,sialate O-acetylesterase isoform X2 [Cricetulus griseus],TRUE,FALSE,FALSE,TRUE,TRUE,TRUE,FALSE,FALSE,FALSE,TRUE,FALSE,FALSE,FALSE,FALSE,FALSE,FALSE,FALSE,FALSE,FALSE,9.36392240378821,61416.5681000002,2.54545454545455,14,8.69903906943021,-45.9953254707379,54.6943645401681,0.0162852502912451,-0.0861066816161927,0.102391931907438,,,sialate o-acetylesterase isoform x2,sialate o acetylesterase isoform x2,sialate o acetylesterase,sialate o acetylesterase,,,,,,
XP_027285466.1,peptidyl-prolyl cis-trans isomerase FKBP14 isoform X1 [Cricetulus griseus],FALSE,FALSE,FALSE,FALSE,TRUE,FALSE,FALSE,FALSE,FALSE,TRUE,TRUE,FALSE,FALSE,FALSE,FALSE,FALSE,FALSE,FALSE,FALSE,6.14822921050942,24283.5575,0.947867298578199,2,-5.28695376170535,-35.982793167603,30.6958394058977,-0.0183728907003031,-0.125045149959235,0.106672259258932,,,peptidyl-prolyl cis-trans isomerase fkbp14 isoform x1,peptidyl prolyl cis trans isomerase fkbp14 isoform x1,,,,peptidyl prolyl cis trans isomerase,,peptidyl prolyl cis trans isomerase,,
XP_027264538.1,glutathione S-transferase P 2 isoform X2 [Cricetulus griseus],FALSE,FALSE,FALSE,FALSE,FALSE,FALSE,FALSE,FALSE,FALSE,FALSE,TRUE,FALSE,FALSE,FALSE,FALSE,FALSE,FALSE,FALSE,FALSE,9.63268311642015,25531.3015,0.900900900900901,2,6.39330245915343,-25.9947809251277,32.3880833842812,0.021487710007689,-0.0873677286193206,0.10885543862701,,,glutathione s-transferase p 2 isoform x2,glutathione s transferase p 2 isoform x2,,glutathione s transferase,,glutathione s transferase p,,glutathione s transferase p,,
XP_027274751.1,immunoglobulin superfamily member 8 isoform X3 [Cricetulus griseus],FALSE,FALSE,FALSE,FALSE,TRUE,FALSE,FALSE,FALSE,FALSE,FALSE,TRUE,FALSE,FALSE,FALSE,FALSE,FALSE,TRUE,FALSE,FALSE,8.690495673119,64315.1585000002,1.98347107438017,12,5.76258373870323,-58.9822183557141,64.7448020944174,0.0104613694419183,-0.107076062527098,0.117537431969017,,,immunoglobulin superfamily member 8 isoform x3,immunoglobulin superfamily member 8 isoform x3,,,,,immunoglobulin superfamily member 8,,,
XP_027248601.1,glutathione S-transferase A6 isoform X2 [Cricetulus griseus],FALSE,FALSE,FALSE,FALSE,FALSE,FALSE,FALSE,FALSE,FALSE,FALSE,TRUE,FALSE,FALSE,FALSE,FALSE,FALSE,FALSE,FALSE,FALSE,9.31148656731951,19823.0497,0,0,3.60704458989196,-21.9944379969068,25.6014825867988,0.0143510843610047,-0.0875076609951063,0.101858745356111,,,glutathione s-transferase a6 isoform x2,glutathione s transferase a6 isoform x2,,glutathione s transferase,,,,glutathione s transferase,,
XP_027286251.1,phospholipase D3 [Cricetulus griseus],FALSE,FALSE,FALSE,FALSE,FALSE,FALSE,FALSE,FALSE,FALSE,FALSE,TRUE,FALSE,FALSE,FALSE,FALSE,FALSE,FALSE,FALSE,FALSE,6.48602600271865,54443.5555000001,1.63934426229508,8,-3.76704833915896,-48.9877645495054,45.2207162103464,-0.007642176428565,-0.0993810288115148,0.0917388523829497,,,phospholipase d3,phospholipase d3,phospholipase d3,,,,,lipase,,
NP_001231068.1,C-X-C motif chemokine 3 precursor [Cricetulus griseus],FALSE,FALSE,FALSE,FALSE,FALSE,FALSE,FALSE,FALSE,FALSE,FALSE,TRUE,FALSE,FALSE,FALSE,FALSE,FALSE,FALSE,FALSE,FALSE,10.3435330491885,11036.0328,3.96039603960396,4,4.34759204675986,-9.99457930773844,14.3421713544983,0.0255595762914387,-0.0587583217490154,0.0843178980404542,,,c-x-c motif chemokine 3 precursor,c x c motif chemokine 3 precursor,c x c motif chemokine 3,c x c motif chemokine 3,,,,c x c motif chemokine,,
XP_027288991.1,renin receptor isoform X5 [Cricetulus griseus],FALSE,FALSE,FALSE,FALSE,FALSE,FALSE,FALSE,FALSE,FALSE,FALSE,FALSE,FALSE,FALSE,FALSE,FALSE,FALSE,TRUE,FALSE,FALSE,4.54888137185338,39132.3254,0,0,-10.3401348570239,-41.9903661822905,31.6502313252666,-0.0261426305224367,-0.106162892823373,0.0800202623009359,,,renin receptor isoform x5,renin receptor isoform x5,,,renin receptor,,,,,
XP_027254911.1,peptidyl-prolyl cis-trans isomerase H isoform X1 [Cricetulus griseus],FALSE,FALSE,FALSE,FALSE,FALSE,FALSE,FALSE,FALSE,FALSE,FALSE,FALSE,FALSE,FALSE,FALSE,FALSE,FALSE,TRUE,FALSE,FALSE,9.35612958040249,19207.9224,2.82485875706215,5,2.60959580796457,-17.9934186200897,20.6030144280542,0.0106031076480246,-0.0731094654591705,0.0837125731071952,,,peptidyl-prolyl cis-trans isomerase h isoform x1,peptidyl prolyl cis trans isomerase h isoform x1,,,,peptidyl prolyl cis trans isomerase,,peptidyl prolyl cis trans isomerase,,
XP_027282357.1,galectin-9 isoform X4 [Cricetulus griseus],FALSE,FALSE,FALSE,FALSE,FALSE,TRUE,FALSE,FALSE,FALSE,FALSE,FALSE,FALSE,FALSE,FALSE,FALSE,FALSE,TRUE,FALSE,FALSE,9.55183968543912,34718.4435,1.61290322580645,5,7.75059964485208,-19.9950663931171,27.7456660379692,0.0212230921247204,-0.0547515231783237,0.0759746153030441,,,galectin-9 isoform x4,galectin 9 isoform x4,,,,,,galectin,,
XP_027287169.1,V-type proton ATPase subunit C 1 [Cricetulus griseus],FALSE,FALSE,FALSE,FALSE,FALSE,FALSE,FALSE,FALSE,FALSE,FALSE,FALSE,FALSE,FALSE,FALSE,FALSE,FALSE,TRUE,FALSE,FALSE,7.56698997151506,43916.0098,0.785340314136126,3,1.39682384073437,-52.9851121787249,54.3819360194593,0.0032701919331305,-0.12404677051602,0.127316962449151,,,v-type proton atpase subunit c 1,v type proton atpase subunit c 1,v type proton atpase subunit c 1,,,,,,,
NP_001230906.1,tubulin alpha-1C chain [Cricetulus griseus],FALSE,TRUE,FALSE,FALSE,FALSE,FALSE,FALSE,FALSE,FALSE,FALSE,FALSE,FALSE,FALSE,FALSE,FALSE,FALSE,TRUE,FALSE,FALSE,4.45543292855818,49908.7945000001,2.67260579064588,12,-19.7610216407014,-63.9810069300701,44.2199852893687,-0.0424819907439615,-0.137545547675241,0.0950635569312799,,,tubulin alpha-1c chain,tubulin alpha 1c chain,tubulin alpha 1c chain,,,,,,,
XP_027251268.1,glutathione S-transferase Mu 2 isoform X2 [Cricetulus griseus],FALSE,FALSE,FALSE,FALSE,FALSE,FALSE,FALSE,FALSE,FALSE,FALSE,FALSE,FALSE,FALSE,FALSE,FALSE,FALSE,FALSE,TRUE,FALSE,6.78853412830356,25550.1509,1.85185185185185,4,-0.392140792443069,-32.9938003535677,32.6016595611247,-0.0013173258943566,-0.110836690282092,0.109519364387736,,,glutathione s-transferase mu 2 isoform x2,glutathione s transferase mu 2 isoform x2,,glutathione s transferase,,,,glutathione s transferase,,
XP_027278064.1,"actin, alpha cardiac muscle 1 [Cricetulus griseus]",FALSE,TRUE,FALSE,FALSE,FALSE,FALSE,FALSE,FALSE,FALSE,FALSE,FALSE,FALSE,FALSE,FALSE,FALSE,FALSE,FALSE,TRUE,FALSE,4.80403795674993,42018.5174000001,1.59151193633952,6,-10.812591366525,-50.9850427857554,40.1724514192304,-0.0260705079853461,-0.122931304811386,0.0968607968260401,,,"actin, alpha cardiac muscle 1",actin alpha cardiac muscle 1,,,actin,,actin,,,
XP_027265003.1,insulin [Cricetulus griseus],FALSE,TRUE,TRUE,FALSE,FALSE,FALSE,FALSE,FALSE,FALSE,FALSE,FALSE,FALSE,TRUE,TRUE,FALSE,FALSE,FALSE,FALSE,FALSE,4.77601621360272,12151.9405,5.45454545454545,6,-2.65296216523366,-10.9966753608874,8.34371319565376,-0.0146267381399755,-0.0606286410797172,0.0460019029397417,,,insulin,insulin,,,insulin,,,,,
XP_027249189.1,cornifin alpha [Cricetulus griseus],TRUE,FALSE,FALSE,FALSE,TRUE,TRUE,FALSE,FALSE,FALSE,FALSE,FALSE,FALSE,FALSE,FALSE,FALSE,FALSE,FALSE,FALSE,FALSE,9.77956432453644,14215.4162,10.8527131782946,14,3.87441627159432,-12.9897882026418,16.8642044742361,0.0192403697228488,-0.064507350300148,0.0837477200229968,,,cornifin alpha,cornifin alpha,,,,,,cornifin a,,
XP_027272776.1,laminin subunit beta-1 isoform X5 [Cricetulus griseus],FALSE,TRUE,TRUE,FALSE,FALSE,FALSE,FALSE,FALSE,FALSE,FALSE,FALSE,FALSE,FALSE,FALSE,FALSE,FALSE,FALSE,FALSE,FALSE,4.23060366202859,196796.9966,7.11086226203807,127,-92.1455420388324,-272.894213373877,180.748671335044,-0.0793674093278295,-0.235051053548667,0.155683644220837,,,laminin subunit beta-1 isoform x5,laminin subunit beta 1 isoform x5,laminin subunit beta 1,,,,laminin subunit beta 1,,,
XP_027244681.1,lipoprotein lipase isoform X1 [Cricetulus griseus],FALSE,TRUE,FALSE,FALSE,FALSE,FALSE,FALSE,FALSE,FALSE,FALSE,FALSE,FALSE,FALSE,FALSE,FALSE,FALSE,FALSE,FALSE,FALSE,8.67622921516636,54232.0598,2.47422680412371,12,5.75421441704352,-55.9851842573038,61.7393986743473,0.0117038521575758,-0.113871724630447,0.125575576788023,,,lipoprotein lipase isoform x1,lipoprotein lipase isoform x1,lipoprotein lipase,lipoprotein lipase,lipoprotein lipase,,lipoprotein lipase,lipoprotein lipase,,
XP_027286179.1,transforming growth factor beta-1 proprotein isoform X2 [Cricetulus griseus],FALSE,TRUE,TRUE,FALSE,FALSE,FALSE,FALSE,FALSE,FALSE,FALSE,FALSE,FALSE,FALSE,FALSE,FALSE,FALSE,FALSE,FALSE,FALSE,9.69637966583268,44307.4984,3.07692307692308,12,10.7051047505557,-40.9910186046938,51.6961233552495,0.0249145446290513,-0.0954005202390853,0.120315064868137,,,transforming growth factor beta-1 proprotein isoform x2,transforming growth factor beta 1 proprotein isoform x2,,transforming growth factor,,,,,,
XP_027280096.1,collagen alpha-1(I) chain [Cricetulus griseus],FALSE,TRUE,FALSE,FALSE,FALSE,FALSE,FALSE,FALSE,FALSE,FALSE,FALSE,FALSE,FALSE,FALSE,FALSE,FALSE,FALSE,FALSE,FALSE,5.75272071945729,138005.043600001,1.2388162422574,18,-7.50759936488184,-135.931429788961,128.423830424079,-0.008192528660309,-0.148332653390114,0.140140124729805,,,collagen alpha-1(i) chain,collagen alpha 1(i) chain,,,,,,collagen alpha ,,
XP_027254078.1,calsyntenin-1 isoform X3 [Cricetulus griseus],FALSE,FALSE,TRUE,FALSE,FALSE,FALSE,FALSE,FALSE,FALSE,FALSE,FALSE,FALSE,FALSE,FALSE,FALSE,FALSE,FALSE,FALSE,FALSE,4.29587673902853,107882.229600001,2.26570545829042,22,-65.161090986502,-161.920975205435,96.7598842189327,-0.0837918780176981,-0.208217241263364,0.124425363245666,,,calsyntenin-1 isoform x3,calsyntenin 1 isoform x3,,,,,calsyntenin 1,,,
XP_027243130.1,leukemia inhibitory factor isoform X1 [Cricetulus griseus],FALSE,FALSE,FALSE,FALSE,TRUE,TRUE,FALSE,FALSE,FALSE,FALSE,FALSE,FALSE,FALSE,FALSE,FALSE,FALSE,FALSE,FALSE,FALSE,9.78015048738976,17400.756,2.53164556962025,4,5.86314749176933,-12.0020348770704,17.8651823688397,0.025444793308718,-0.0520862381783481,0.0775310314870661,,,leukemia inhibitory factor isoform x1,leukemia inhibitory factor isoform x1,,,,,leukemia inhibitory factor,,,
XP_027267841.1,transgelin [Cricetulus griseus],FALSE,FALSE,FALSE,FALSE,TRUE,FALSE,FALSE,FALSE,FALSE,FALSE,FALSE,FALSE,FALSE,FALSE,FALSE,FALSE,FALSE,FALSE,FALSE,9.36131200297531,22640.6795,0,0,3.6124696085524,-25.9892199522723,29.6016895608247,0.0131540074564873,-0.0946339845271309,0.107787991983618,,,transgelin,transgelin,transgelin 2,,,,,,,
XP_027247624.1,peptidyl-prolyl cis-trans isomerase A-like [Cricetulus griseus],FALSE,FALSE,FALSE,FALSE,TRUE,TRUE,FALSE,FALSE,FALSE,FALSE,FALSE,FALSE,FALSE,FALSE,FALSE,FALSE,FALSE,FALSE,FALSE,7.05314927662965,17911.0997,2.4390243902439,4,0.13544559326994,-18.9911237958776,19.1265693891475,0.0005765852989963,-0.0808442897828345,0.0814208750818308,,,peptidyl-prolyl cis-trans isomerase a-like,peptidyl prolyl cis trans isomerase a like,peptidyl prolyl cis trans isomerase a,peptidyl prolyl cis trans isomerase a,,peptidyl prolyl cis trans isomerase,,peptidyl prolyl cis trans isomerase,,
XP_027279271.1,antileukoproteinase [Cricetulus griseus],FALSE,FALSE,FALSE,FALSE,FALSE,TRUE,FALSE,FALSE,FALSE,FALSE,FALSE,FALSE,FALSE,FALSE,FALSE,FALSE,FALSE,FALSE,FALSE,11.1187230541831,15832.6396,11.1111111111111,16,13.3446461183051,-9.99620036896363,23.3408464872687,0.061676307297681,-0.0462004552462195,0.1078767625439,,,antileukoproteinase,antileukoproteinase,,,,,,antileukoproteinase,,
XP_027244885.1,"peptidyl-prolyl cis-trans isomerase F, mitochondrial [Cricetulus griseus]",FALSE,FALSE,FALSE,FALSE,FALSE,TRUE,FALSE,FALSE,FALSE,FALSE,FALSE,FALSE,FALSE,FALSE,FALSE,FALSE,FALSE,FALSE,FALSE,10.2770497043753,21953.8609,2.9126213592233,6,9.13095576138082,-17.9950396813148,27.1259954426957,0.0339382272030302,-0.0668845366456635,0.100822763848694,,,"peptidyl-prolyl cis-trans isomerase f, mitochondrial",peptidyl prolyl cis trans isomerase f mitochondrial,,,,peptidyl prolyl cis trans isomerase,,peptidyl prolyl cis trans isomerase,,
NP_001231331.1,elongation factor 1-alpha 1 [Cricetulus griseus],TRUE,TRUE,TRUE,TRUE,TRUE,TRUE,TRUE,TRUE,TRUE,TRUE,TRUE,TRUE,TRUE,TRUE,FALSE,TRUE,TRUE,TRUE,FALSE,9.22884444284393,49640.1838000001,1.85022401179606,8.5,9.07603446365437,-53.4822416342528,62.5582760979072,0.0195229530233986,-0.115388809359842,0.134911762383241,XP_027271619.1,,elongation factor 1-alpha 1,elongation factor 1 alpha 1,elongation factor 1 alpha,,,elongation factor 1 alpha 1,,elongation factor 1 alpha 1,,
XP_027287700.1,"10 kDa heat shock protein, mitochondrial [Cricetulus griseus]",TRUE,FALSE,FALSE,FALSE,TRUE,TRUE,TRUE,FALSE,FALSE,FALSE,TRUE,FALSE,FALSE,FALSE,FALSE,FALSE,FALSE,FALSE,FALSE,9.63177467067351,10996.6985,0,0,3.32130180222167,-13.4959462363409,16.8172480385625,0.0195538653405241,-0.0795387155988006,0.0990925809393248,XP_027269173.1,,"10 kda heat shock protein, mitochondrial",10 kda heat shock protein mitochondrial,,,heat shock protein,,,,,
