accn,name,hccf_feed,hccf_large,hccf_small,hccf_mab,hccf_spf1,hccf_spf2,pavin_feed,pavin_large,pavin_small,desc_lower_2,Biophorum DTR,Biophorum high-risk,Levy 2014 - Association,Zhang 2016 - Pro A,Levy 2016 - Coelution,Molden 2021 - 29 DS,Falkenberg 2019 - 6 DS,Kreimer 2017 - 1 DS,Aboulaich 2014 - Association
NP_001230962.1,40S ribosomal protein SA [Cricetulus griseus],5.04846724806341,73.6182576583454,27.7752369087699,0,2.00265765070304,1.13314693354881,0.776665364812601,58.2175485562188,9.72283808656305,40s ribosomal protein sa,40s ribosomal protein sa,,,,,,,,40s ribosomal protein sa
NP_001230968.1,elongation factor 2 [Cricetulus griseus],302.980423550253,2541.62325066108,1279.3101608877,205.021327787635,319.538031767502,20.2343183886448,19.6556778092317,1603.20997724164,292.298384247209,elongation factor 2,elongation factor 2,,,elongation factor 2,,,,,elongation factor 2
NP_001230979.1,L-lactate dehydrogenase A chain [Cricetulus griseus],170.933192578962,5116.55878867227,1541.69312225202,13.7997570724826,40.8219635202836,5.17322084449538,0.10753831307576,14.2556757899537,2.66112496827327,l lactate dehydrogenase a chain,l lactate dehydrogenase a chain,,,,,,,,l lactate dehydrogenase a chain
NP_001231331.1,elongation factor 1-alpha 1 [Cricetulus griseus],241.978806321732,1981.83748540686,1076.88846143895,35.5959716378541,62.6870623577242,26.7336520649805,25.5143525510731,1578.86743228887,707.927716209043,elongation factor 1 alpha 1,elongation factor 1 alpha,,,elongation factor 1 alpha 1,,elongation factor 1 alpha 1,,,
NP_001231783.1,glyceraldehyde-3-phosphate dehydrogenase [Cricetulus griseus],310.851423772408,4310.90185271339,1389.53735610812,12.0253078360164,151.721709928288,23.2267337860883,26.1774833681062,1425.74027464222,237.398841757698,glyceraldehyde 3 phosphate dehydrogenase,glyceraldehyde 3 phosphate dehydrogenase,,,,glyceraldehyde 3 phosphate dehydrogenase,,,,glyceraldehyde 3 phosphate dehydrogenase
NP_001233603.1,beta-2-microglobulin precursor [Cricetulus griseus],48.5385523352234,1.75284093403672,1.56181647538932,0,4.90249201293853,34.047129476004,0,0.283374729514648,0.336721432792732,beta 2 microglobulin precursor,,,,,,beta 2 microglobulin,,,
NP_001233622.2,protein disulfide-isomerase precursor [Cricetulus griseus],21.7645124334712,50.5020149834962,30.8075789524359,24.4122302164222,34.8717002617257,2.32222705053229,1.38987114447504,82.276199004721,21.6936663079336,protein disulfide isomerase precursor,protein disulfide isomerase,protein disulfide isomerase,,,,,,protein disulfide isomeras,
NP_001233649.1,heat shock protein 105 kDa [Cricetulus griseus],3.51431367793552,81.6887215714501,59.3191376041163,0,0.276132562239691,0,0,25.079673091879,0,heat shock protein 105 kda,,,heat shock protein,,,,,,
NP_001233654.1,phosphoglycerate kinase 1 [Cricetulus griseus],237.864377468717,571.096203842537,197.918179213009,23.6642864304224,524.993694434104,8.46681466520984,6.2177317040422,410.679244538137,87.0011296951711,phosphoglycerate kinase 1,phosphoglycerate kinase,,,phosphoglycerate kinase 1,,phosphoglycerate kinase 1,,,
NP_001233658.1,heat shock cognate 71 kDa protein [Cricetulus griseus],392.726813645712,295.786946731883,422.20391267387,281.670303020521,138.592988041213,8.27910320072176,2.50688623257389,311.650003764405,37.8001319562747,heat shock cognate 71 kda protein,heat shock cognate 71 kda protein,,,heat shock cognate 71 kda protein,,,,,heat shock cognate 71 kda protein
NP_001233662.1,T-complex protein 1 subunit alpha [Cricetulus griseus],9.85348501542672,337.570147696945,132.701871971662,0.296433511175017,0,0.328262983885058,2.31937292727082,220.194570971105,48.827943858112,t complex protein 1 subunit alpha,,,,,,,,,t complex protein 1 subunit alpha
NP_001233668.1,endoplasmic reticulum chaperone BiP precursor [Cricetulus griseus],2183.17263013845,1952.55384029971,3352.57510235665,1953.54021509258,341.908146703794,20.8434165921687,44.7800379525032,2192.73043797087,299.347056422744,endoplasmic reticulum chaperone bip precursor,,,,,,endoplasmic reticulum chaperone bip,,,
NP_001233673.1,glutathione S-transferase P 1 [Cricetulus griseus],87.3349306790035,50.5694307384799,14.0879902222601,9.28778158406177,353.893172525221,9.53474271957657,0.638309207945196,41.2965756057576,9.2350826035214,glutathione s transferase p 1,glutathione s transferase p 1,glutathione s transferase,,glutathione s transferase p,,glutathione s transferase p,,,glutathione s transferase p 1
NP_001233680.1,aldose reductase-related protein 2 [Cricetulus griseus],7.30063998174523,153.906949938037,49.4149309175246,0.877267026416116,120.44451466955,7.97602187973924,1.17212108029236,71.8178461038683,16.0252057927115,aldose reductase related protein 2,,,,aldose reductase related protein 2,,,,,
NP_001233689.1,serpin H1 precursor [Cricetulus griseus],14.6897222711305,39.8666156775486,25.000837051164,3.20085928479544,10.478836419123,0.186640477966546,0,3.02486406510942,0.655385531198354,serpin h1 precursor,,,,,,,,,serpin h1
NP_001233694.1,peroxiredoxin-1 [Cricetulus griseus],514.355425716794,1301.68002711399,778.591794188284,282.541530568901,392.816541066346,52.1046994454988,30.1563623676912,1101.43770751219,537.200957585511,peroxiredoxin 1,peroxiredoxin 1,peroxiredoxin,,peroxiredoxin 1,,peroxiredoxin 1,peroxiredoxin 1,peroxiredoxin 1,peroxiredoxin 1
NP_001233703.1,protein disulfide-isomerase A3 precursor [Cricetulus griseus],298.98527736299,57.4058795983194,26.8879484398837,330.00741635425,375.544773104964,21.1512741750951,0.0907041920242812,35.8592039864992,7.96989546593579,protein disulfide isomerase a3 precursor,protein disulfide isomerase,protein disulfide isomerase,,,,,,protein disulfide isomeras,
NP_001233709.1,peroxiredoxin-2 [Cricetulus griseus],25.0144749068861,173.314236690779,42.8759449131612,7.95145716829704,57.126478777159,3.14468591745216,1.46371930972146,98.5852171099858,20.7512311809733,peroxiredoxin 2,,peroxiredoxin,,,,,,,
NP_001233750.1,heat shock protein HSP 90-alpha [Cricetulus griseus],5.27919226137346,323.537312879994,89.0725551602407,5.04700683528002,6.04589944114171,0,3.42304735560384,282.453398922157,38.8503374400618,heat shock protein hsp 90 alpha,heat shock protein hsp 90 alpha,,heat shock protein,,,,,,
XP_027242349.1,galectin-3 [Cricetulus griseus],9.12402439290352,1.95068760423561,3.81957583274089,0.598730883944596,15.2857259902256,28.4350683242308,0,12.3573891534526,0,galectin 3,,,,,,galectin,,,galectin 3
XP_027242786.1,dihydropteridine reductase [Cricetulus griseus],5.5403291194195,3.63254468862422,0,2.09387476078298,13.2076341313866,0.244911424528377,0,3.15008126692141,0,dihydropteridine reductase,,,,,,dihydropteridine reductase,,,
XP_027243210.1,heat shock protein HSP 90-beta isoform X11 [Cricetulus griseus],45.3583538132838,994.359457254877,334.838635238291,27.6476341601071,31.8928434559062,1.114266030215,4.78953646413149,765.476623157163,76.4366465958652,heat shock protein hsp 90 beta isoform x11,heat shock protein hsp 90 beta,,heat shock protein,,,,,,
XP_027243827.1,T-complex protein 1 subunit delta [Cricetulus griseus],12.9654722061822,278.193873812899,153.962260008951,0.261584898370634,2.56100372773649,0.909000038083397,1.12805693565906,188.326742369112,82.065559091679,t complex protein 1 subunit delta,,,,,,,,,t complex protein 1 subunit delta
XP_027243857.1,"malate dehydrogenase, cytoplasmic [Cricetulus griseus]",89.3276784515759,70.4624623912383,16.4477658173904,65.8867165774066,32.3842241945129,4.23450183987799,0,38.3198797347589,12.6371161850012,malate dehydrogenase cytoplasmic,malate dehydrogenase cytoplasmic,,,,,,,,
XP_027243958.1,peptidyl-prolyl cis-trans isomerase A isoform X2 [Cricetulus griseus],297.06135740735,42.5655824585944,20.0330904314214,0.169211972376345,182.149374851795,291.830056769795,0.463677729979276,41.9397923587214,12.794736684301,peptidyl prolyl cis trans isomerase a isoform x2,peptidyl prolyl cis trans isomerase a,peptidyl prolyl cis trans isomerase a,,peptidyl prolyl cis trans isomerase,,peptidyl prolyl cis trans isomerase,,,peptidyl prolyl cis trans isomerase a
XP_027244002.1,drebrin-like protein isoform X2 [Cricetulus griseus],0.493040871442072,0,0,0.103021969125008,0.4144119692788,0,0,0,0,drebrin like protein isoform x2,,,,,,drebrin,,,
XP_027244682.1,lipoprotein lipase isoform X2 [Cricetulus griseus],584.750457933639,3337.25372612201,1163.72386383194,7.85817177254729,25.594793498583,19.7033018507932,62.5655731567438,3127.93600928842,627.962178277226,lipoprotein lipase isoform x2,lipoprotein lipase,lipoprotein lipase,lipoprotein lipase,,lipoprotein lipase,lipoprotein lipase,,,
XP_027245386.1,transketolase [Cricetulus griseus],151.944875935169,600.100911741885,216.716065496752,56.3951437482547,34.637801197273,1.96389164887389,1.83007160099602,116.405321749384,31.0213082993823,transketolase,transketolase,,,,,,,,
XP_027246103.1,clusterin [Cricetulus griseus],1014.86774686756,17362.664345633,11089.2653677748,304.940078430094,226.71701677175,30.1486526664682,453.603908701118,14887.026551538,5424.58827721481,clusterin,clusterin,clusterin,clusterin,clusterin,clusterin,clusterin,,clusterin,clusterin
XP_027246161.1,cathepsin B [Cricetulus griseus],8.49137076498205,59.2251458115253,51.3444121362148,4.86822060037,0.835828153298438,9.85703642041957,0,44.921550700686,13.5128202335907,cathepsin b,cathepsin b,cathepsin b,,,cathepsin b,cathepsin b,,,cathepsin b
XP_027246972.1,acid ceramidase isoform X2 [Cricetulus griseus],24.6567839013158,54.9575604585193,33.8363281986206,16.1843722414335,11.8145905749669,4.80707456351377,0.150972559464261,36.2120149025242,7.69407350498808,acid ceramidase isoform x2,,,,,,acid ceramidase,,,
XP_027247784.1,annexin A5 [Cricetulus griseus],85.7526856475805,0.627666905071036,0,27.3231582837994,31.537054411977,9.36695358352693,0,0,6.80276316855522,annexin a5,annexin a5,annexin a5,,,,,,,
XP_027247806.1,actin-like protein 6A isoform X1 [Cricetulus griseus],10.6795091460331,12.1192010054317,5.32759045509843,0,0,0,0.0243207435679402,14.1309886890265,0.375010356718782,actin like protein 6a isoform x1,,,actin,,actin,,,,
XP_027247933.1,matrix metalloproteinase-19 [Cricetulus griseus],182.237038259029,43.1226829762158,20.0909095647316,3.51360827242944,233.9601290004,76.4800935973762,0,28.818131109219,6.68522177293594,matrix metalloproteinase 19,matrix metalloproteinase 19,matrix metalloproteinase,,,,,,,matrix metalloproteinase 19
XP_027248102.1,N-acetylglucosamine-6-sulfatase isoform X2 [Cricetulus griseus],35.966143713144,8.84142710980378,4.00106638542224,22.5517150374528,9.7091239015033,0.373004695021715,0,0,0,n acetylglucosamine 6 sulfatase isoform x2,,,,,n acetylglucosamine 6 sulfatase,,,,
XP_027248125.1,cullin-associated NEDD8-dissociated protein 1 isoform X2 [Cricetulus griseus],10.9797145498021,238.006622749762,61.6027293477469,0,2.10510225113388,0,2.75038521435049,151.259962489599,29.9996926118758,cullin associated nedd8 dissociated protein 1 isoform x2,,,,,,,,,cullin associated nedd8 dissociated protein 1
XP_027248157.1,T-complex protein 1 subunit beta [Cricetulus griseus],8.82990993953777,166.464114850319,39.9075926905536,0,5.28407882497092,0,1.87548243096248,121.674248263853,23.6392290621744,t complex protein 1 subunit beta,,,,,,,,,t complex protein 1 subunit beta
XP_027248343.1,endoplasmin [Cricetulus griseus],156.692484014071,778.61278503039,325.163694775153,80.3335607870118,93.0331502060574,3.47209978704214,4.32837416601269,361.245914854438,44.7854506190053,endoplasmin,endoplasmin,,,,,,endoplasmin,,
XP_027248597.1,glutathione S-transferase alpha-3 [Cricetulus griseus],5.91104853026279,0,0,0,35.5558530046518,0.692888488100589,0,0,0,glutathione s transferase alpha 3,,glutathione s transferase,,,,glutathione s transferase,,,
XP_027248705.1,peptidyl-prolyl cis-trans isomerase D isoform X2 [Cricetulus griseus],0.939149120714171,6.28569009479747,2.235970182189,0,1.69682435842255,0,0,2.40670817420495,0,peptidyl prolyl cis trans isomerase d isoform x2,,,,peptidyl prolyl cis trans isomerase,,peptidyl prolyl cis trans isomerase,,,
XP_027248903.1,T-complex protein 1 subunit gamma [Cricetulus griseus],11.6506393011542,432.575712184566,111.833031275072,0.480451350938375,0.549048400361752,0.113062280837786,1.9692573120237,236.306402109438,21.0856740003186,t complex protein 1 subunit gamma,,,,,,,,,t complex protein 1 subunit gamma
XP_027249021.1,glucosylceramidase [Cricetulus griseus],15.0219855993668,458.896887808697,174.620637350727,2.65516348427052,7.17016328012257,1.2130612457267,2.43307395047017,331.274735985031,53.036008427281,glucosylceramidase,,,,,,glucosylceramidase,,,
XP_027249161.1,LOW QUALITY PROTEIN: protein S100-A13 [Cricetulus griseus],14.8637785850627,0,0,1.91464047250271,12.8722159709076,2.04034578763489,0,0,0,low quality protein: protein s100 a13,,protein s100,,,,,,,
XP_027249169.1,protein S100-A6 isoform X1 [Cricetulus griseus],23.9338706073266,196.418776731925,34.507706681424,14.7321196735643,26.4639346958275,32.4423649616184,1.54230982281872,48.8728560648852,15.9651126830233,protein s100 a6 isoform x1,protein s100 a6,protein s100,,,,protein s100 a6,,,protein s100 a6
XP_027249183.1,protein S100-A4 [Cricetulus griseus],2.01113554375609,5.95436444287533,1.22698134423859,0.361407905701101,6.57543851041183,0,0,1.92405101944344,0,protein s100 a4,,protein s100,,,,,,,
XP_027249189.1,cornifin alpha [Cricetulus griseus],1.57794581766244,0.163180798145658,0.082048814111324,0.284246112445061,2.05070056940826,0.697877231811077,0,0,0,cornifin alpha,,,,,,cornifin a,,,
XP_027249196.1,protein S100-A11 [Cricetulus griseus],9.17341199357199,3.76013935585522,3.17315508488674,2.48811591627959,8.78704309701721,1.38161948972326,0,1.38292197737389,0,protein s100 a11,,protein s100,,,,protein s100 a11,,,
XP_027249274.1,semaphorin-3C isoform X2 [Cricetulus griseus],66.258179442169,182.227781363735,69.9363645690614,68.143456455797,217.896987470122,13.0998778833008,0,165.221699376207,25.6504955683539,semaphorin 3c isoform x2,,,,,semaphorin 3c,,,,
XP_027250026.1,glutathione S-transferase theta-2 [Cricetulus griseus],0.815942621783631,0,0,0,8.20939942090808,0.252242843971361,0,0,0,glutathione s transferase theta 2,,glutathione s transferase,,,,glutathione s transferase,,,
XP_027250075.1,collagen alpha-1(VI) chain [Cricetulus griseus],23.8639185541211,105.736882504242,520.218986958329,13.2701997738778,5.7715564714995,0.849471809944707,0,13.1403858282452,3.99725701828267,collagen alpha 1(vi) chain,,,,,,collagen alpha ,,,
XP_027250157.1,cystatin-B [Cricetulus griseus],0.193309654705868,0,0,0,0.434573070916711,10.2032205190007,0,0,0,cystatin b,,,,,,cystatin,,,
XP_027250245.1,peptidyl-prolyl cis-trans isomerase-like 1 isoform X2 [Cricetulus griseus],1.20488215566122,0.813199540354714,1.15463336801389,0,4.45980262190223,0.648890832273064,0,1.17635493320047,0.496903754968647,peptidyl prolyl cis trans isomerase like 1 isoform x2,,,,peptidyl prolyl cis trans isomerase,,peptidyl prolyl cis trans isomerase,,,
XP_027250508.1,ubiquitin-60S ribosomal protein L40 isoform X1 [Cricetulus griseus],2.9355786024089,0,3.78142515177819,0,0.746805754889848,48.4698678808422,0,0,0,ubiquitin 60s ribosomal protein l40 isoform x1,,,,,,ubiquitin,,ubiquitin,
XP_027251264.1,glutathione S-transferase Mu 3 [Cricetulus griseus],22.7422892875175,93.1756347623636,58.4606505779449,7.92511829694767,284.865860969607,18.9562919165035,1.08511361907287,74.9772972318764,14.0624876697437,glutathione s transferase mu 3,,glutathione s transferase,,,,glutathione s transferase,,,
XP_027251265.1,glutathione S-transferase Mu 6 [Cricetulus griseus],22.4451737135027,56.1378719051828,5.16807526927318,3.66107757993504,282.703745697734,5.83288046857036,0.0745232268212642,15.0035709779949,0.871302164740873,glutathione s transferase mu 6,,glutathione s transferase,,,,glutathione s transferase mu 6,,,
XP_027251267.1,glutathione S-transferase Mu 7 isoform X1 [Cricetulus griseus],16.601788093555,1.67444596786664,0.514002175148524,4.1656063264347,44.934235707438,1.90300857277308,0,0.476776527684978,0,glutathione s transferase mu 7 isoform x1,,glutathione s transferase,,,,glutathione s transferase,,,
XP_027251270.1,glutathione S-transferase isoform X1 [Cricetulus griseus],0.662350948434043,0,0,0,6.70404980947133,0,0,0,0,glutathione s transferase isoform x1,,glutathione s transferase,,,,glutathione s transferase,,,
XP_027251272.1,glutathione S-transferase Mu 1 isoform X2 [Cricetulus griseus],18.3706160375594,13.604073048032,3.73602065428542,3.02840795762352,14.3343174756505,1.12547349111564,0,4.92822201140881,0.796674356742117,glutathione s transferase mu 1 isoform x2,,glutathione s transferase,,,,glutathione s transferase,,,
XP_027251276.1,glutathione S-transferase Y1 isoform X2 [Cricetulus griseus],149.806857305714,34.8053686666203,3.6784279177456,13.6785254869939,267.9592891728,11.9074819329488,0,1.97728240452906,0,glutathione s transferase y1 isoform x2,,glutathione s transferase,,,,glutathione s transferase,,,
XP_027251707.1,protein CYR61 isoform X2 [Cricetulus griseus],1.97221232246052,0,0,1.20430173802189,1.80908578956439,2.57713113520287,0,0,0,protein cyr61 isoform x2,,,,,,protein cyr61,,,
XP_027251723.1,di-N-acetylchitobiase isoform X2 [Cricetulus griseus],0.799472543240331,0,0,0.644348041572432,0.850213872118004,0,0,0,0,di n acetylchitobiase isoform x2,,,,,di n acetylchitobiase,,,,
XP_027252619.1,collagen alpha-1(III) chain isoform X3 [Cricetulus griseus],179.051574151414,213.331974443651,162.207768945252,540.203987357808,141.485158689676,31.2583697059058,0,0,0,collagen alpha 1(iii) chain isoform x3,,,,,,collagen alpha ,,,
XP_027252620.1,collagen alpha-2(V) chain isoform X2 [Cricetulus griseus],57.196341361021,319.316134120965,144.390296558831,36.5509165331587,55.5468679572623,1.33662419200241,0,0,0,collagen alpha 2(v) chain isoform x2,,,,,,collagen alpha ,,,
XP_027252702.1,"60 kDa heat shock protein, mitochondrial [Cricetulus griseus]",4.6686704384394,46.318604532115,15.8188876801979,0.204493040847724,3.83011825773353,0,0,18.7591251122259,1.76916436119173,60 kda heat shock protein mitochondrial,,,heat shock protein,,,,,,
XP_027253096.1,aspartyl aminopeptidase isoform X1 [Cricetulus griseus],4.81035617834735,137.422893984208,73.2152611577193,0,0,0,0,4.80796714926375,0,aspartyl aminopeptidase isoform x1,,,,,,,,,aspartyl aminopeptidase
XP_027253469.1,septin-2 isoform X1 [Cricetulus griseus],8.2807125147436,157.477369163725,67.2784397807845,2.28202670252194,6.75674222981265,0.133692942861325,0,10.2638237126137,1.01870871111864,septin 2 isoform x1,,,,,,,,,septin 2
XP_027253977.1,"procollagen-lysine,2-oxoglutarate 5-dioxygenase 1 isoform X3 [Cricetulus griseus]",52.5324729691593,240.724928459567,157.254710805643,89.0513046467384,35.3587432692725,8.84493623789623,1.32250382747085,73.8098406040888,14.2249743212644,procollagen lysine2 oxoglutarate 5 dioxygenase 1 isoform x3,,,,,procollagen lysine2 oxoglutarate 5 dioxygenase 1,,,,
XP_027254079.1,calsyntenin-1 isoform X4 [Cricetulus griseus],85.2394716463997,107.717921255969,195.497784845701,52.3431855025513,28.4315047633837,1.3373290619779,0.571956585885154,97.9690646214547,44.8491406764613,calsyntenin 1 isoform x4,,,,,calsyntenin 1,,,,
XP_027254100.1,alpha-enolase isoform X2 [Cricetulus griseus],364.327840099005,473.042590139995,132.141568131018,45.2531407387301,1695.78306027038,17.1203486733663,4.84435885060454,261.499011824035,73.7231408335055,alpha enolase isoform x2,alpha enolase,alpha enolase,alpha enolase,,,,,,alpha enolase
XP_027254565.1,"fatty acid-binding protein, adipocyte [Cricetulus griseus]",354.697339183154,10.4846674936429,0.369956901657641,0.0936878672730857,576.143728851714,256.845595413665,0,0,0,fatty acid binding protein adipocyte,,,,,,fatty acid binding protein adipocyte,,,
XP_027254719.1,40S ribosomal protein S20 isoform X2 [Cricetulus griseus],1.46051391833948,6.73261488082165,1.99163792875538,0,0,0.483384535291777,0.0456092715195334,5.38042531444006,1.1028657505722,40s ribosomal protein s20 isoform x2,,,,,,40s ribosomal protein s20,,,40s ribosomal protein s20
XP_027254911.1,peptidyl-prolyl cis-trans isomerase H isoform X1 [Cricetulus griseus],0.740798652663045,10.9852847422333,4.24016646354539,0.044168916183155,4.41350083751713,0.0919426948446122,0.123344927979641,12.6891389463291,4.71215768495653,peptidyl prolyl cis trans isomerase h isoform x1,,,,peptidyl prolyl cis trans isomerase,,peptidyl prolyl cis trans isomerase,,,
XP_027255222.1,collagen alpha-1(XVI) chain isoform X5 [Cricetulus griseus],19.9797978587163,494.619634884035,104.77413008194,1.67833454248005,66.9906771527556,3.0861223405611,0,17.7833555419765,4.92688801099292,collagen alpha 1(xvi) chain isoform x5,,,,,,collagen alpha ,,,
XP_027255228.1,tubulointerstitial nephritis antigen-like [Cricetulus griseus],34.6248432477107,175.932043485792,146.150206209928,10.6293284281911,43.4468245387917,12.5319385267727,3.86422819116464,134.014264683804,28.7631700395934,tubulointerstitial nephritis antigen like,,,,,tubulointerstitial nephritis antigen like,,,,
XP_027255508.1,tissue alpha-L-fucosidase [Cricetulus griseus],107.270867005168,545.467532215273,1103.30618252148,19.4830569608898,13.1001734048465,1.66344152296945,0.897721437108526,170.921123127424,27.6337814594521,tissue alpha l fucosidase,,,,,tissue alpha l fucosidase,,,,
XP_027255561.1,basement membrane-specific heparan sulfate proteoglycan core protein isoform X2 [Cricetulus griseus],1019.05394151317,821.144298720038,526.230246426566,44.9036869078303,2789.01037820932,926.822476758404,0,40.2890463242363,15.3599940959608,basement membrane specific heparan sulfate proteoglycan core protein isoform x2,,,,,basement membrane specific heparan sulfate proteoglycan core protein,,,,
XP_027256703.1,peptidyl-prolyl cis-trans isomerase C isoform X2 [Cricetulus griseus],2.57488514642014,0.191214468917989,0.078491476566322,0,1.47233841721984,9.78290047375675,0,0.265651534529518,0,peptidyl prolyl cis trans isomerase c isoform x2,,,,peptidyl prolyl cis trans isomerase,,peptidyl prolyl cis trans isomerase,,,
XP_027256943.1,ribonuclease T2 isoform X1 [Cricetulus griseus],36.2672425867674,20.7140993264,4.83546504807227,26.9842778609555,193.657400476528,5.7207967361169,0.282180404387517,19.3181450839641,3.60911614166349,ribonuclease t2 isoform x1,,,,,ribonuclease t2,,,,
XP_027258725.1,40S ribosomal protein S12 isoform X2 [Cricetulus griseus],5.03673797389933,22.2330182300851,12.8602555470156,0.101789081977235,3.11546056670508,0.787019644404342,0.0282665600368222,17.0478075603414,3.82986069734929,40s ribosomal protein s12 isoform x2,,,,,,40s ribosomal protein s12,,,
XP_027259772.1,galectin-1 [Cricetulus griseus],75.4720377682677,111.108992458986,43.2273066918867,4.52973700237069,179.809021191667,54.1375757527648,1.76347365904791,64.0319952107515,26.808368089083,galectin 1,galectin 1,,,,,galectin 1,,,
XP_027259923.1,alpha-N-acetylgalactosaminidase [Cricetulus griseus],10.8529783263548,32.38167531274,23.5232101140153,12.0926225790996,68.0567688402924,0.451394522484346,0.134736762974498,21.4626793106166,3.75777753300021,alpha n acetylgalactosaminidase,,,,,alpha n acetylgalactosaminidase,,,,
XP_027259953.1,plectin isoform X6 [Cricetulus griseus],254.579564344714,1915.67941267275,2335.50006073949,98.5800335821923,104.6269061007,1.79044297479631,7.43020023302383,407.969729072498,64.7748447717079,plectin isoform x6,,,,,,,plectin,,
XP_027260201.1,serine protease HTRA1 isoform X3 [Cricetulus griseus],144.24617484678,3687.2237552465,1103.6054114489,21.7215736111592,271.137825610715,28.1525163465508,105.553480677436,1896.170218217,521.90594097962,serine protease htra1 isoform x3,serine protease,serine protease,,serine protease htra1,,serine protease htra1,,,serine protease htra1
XP_027260430.1,fructose-bisphosphate aldolase A isoform X2 [Cricetulus griseus],118.776921764228,25.9818879501863,20.4834016949967,90.2864107862603,13.0683599031752,0.789973710443079,0,4.90872555359678,1.64368101098792,fructose bisphosphate aldolase a isoform x2,fructose bisphosphate aldolase,,,,,,,,
XP_027260936.1,inter-alpha-trypsin inhibitor heavy chain H5 isoform X2 [Cricetulus griseus],427.652011733596,100.12082954363,72.4530611710339,509.045744485317,106.718297342938,44.680081954866,0.931251631724553,55.3576309433378,28.8095013716699,inter alpha trypsin inhibitor heavy chain h5 isoform x2,inter alpha trypsin inhibitor heavy chain h5 isoform x2,,,,inter alpha trypsin inhibitor heavy chain h5,inter alpha trypsin inhibitor heavy chain h5,,,
XP_027261047.1,vimentin [Cricetulus griseus],61.8100556053394,49.8316402321276,49.4538986093312,73.7252826486395,18.6769897351858,2.17430370828878,0.671555198249485,37.6267970744778,4.80578488619174,vimentin,vimentin,,vimentin,,,,,,vimentin
XP_027261702.1,group XV phospholipase A2 isoform X2 [Cricetulus griseus],12.3013895210064,17.0514053892067,6.48339616526865,5.81932491106702,4.58478531899826,0,0,8.25337296204816,1.06223870887252,group xv phospholipase a2 isoform x2,,,,,,lipase,,,
XP_027262178.1,lysosomal acid lipase/cholesteryl ester hydrolase [Cricetulus griseus],50.9693867031533,1196.33279578793,228.64638526393,3.30379418173783,18.9383460145703,3.81443550804186,5.73874782196861,513.985269090902,66.9860713388957,lysosomal acid lipase/cholesteryl ester hydrolase,lysosomal acid lipase,lysosomal acid lipase,,,,lipase,,lysosomal acid lipase,
XP_027262348.1,annexin A1 [Cricetulus griseus],159.030013843888,11.6385530578337,6.45029541282054,19.8227981068057,450.370666023848,13.832410629505,0,3.71608235409463,0.627459187449644,annexin a1,,,,,,annexin a1,,,
XP_027262854.1,glutathione S-transferase omega-1 isoform X4 [Cricetulus griseus],19.9965322935126,0,0,2.62839937817261,42.1934727884665,0.409417390416289,0,0,0,glutathione s transferase omega 1 isoform x4,,glutathione s transferase,,,,glutathione s transferase,,,
XP_027263120.1,phosphoglycerate mutase 1 isoform X2 [Cricetulus griseus],169.554920971987,61.4756093136034,18.4423967495879,67.1813352278799,256.849836856658,351.534497285246,0,17.7675194485466,3.31002518012184,phosphoglycerate mutase 1 isoform x2,phosphoglycerate mutase 1,,,,,,,,phosphoglycerate mutase 1
XP_027263463.1,lysosomal Pro-X carboxypeptidase isoform X2 [Cricetulus griseus],85.6114919145171,1.58450604288312,20.2240405550747,43.8047466410597,1.64606683161864,0,0,0.977479759114522,0.321494498219142,lysosomal pro x carboxypeptidase isoform x2,,,,,,carboxypeptidase,,,
XP_027264119.1,neuroblast differentiation-associated protein AHNAK isoform X23 [Cricetulus griseus],163.662940781493,99.2931616417969,51.1226794657525,2.93644903503353,77.8334194512383,15.1423813657664,0,31.730109199829,1.16145252965887,neuroblast differentiation associated protein ahnak isoform x23,,,,,,,neuroblast differentiation associated protein ahnak isoform x2,,
XP_027264236.1,peptidyl-prolyl cis-trans isomerase FKBP2 isoform X1 [Cricetulus griseus],2.02466593054441,0,0,0,5.01647808668075,5.00911407419526,0,0,0,peptidyl prolyl cis trans isomerase fkbp2 isoform x1,,,,peptidyl prolyl cis trans isomerase,,peptidyl prolyl cis trans isomerase,,,
XP_027264258.1,"peroxiredoxin-5, mitochondrial [Cricetulus griseus]",1.60779220042471,3.81756023538458,0.480243217998122,0,2.34079030703786,0.292190827312207,0,0.751122980846371,0,peroxiredoxin 5 mitochondrial,,peroxiredoxin,,,,,,,
XP_027264402.1,cofilin-1 [Cricetulus griseus],59.7277882805647,116.570648813233,45.5910924657611,5.91645919387349,30.0904134655435,3.63348432256852,0.37257257963734,18.1835453178865,7.32673456216086,cofilin 1,cofilin 1,,,,,cofilin 1,,,cofilin 1
XP_027264462.1,copper chaperone for superoxide dismutase [Cricetulus griseus],6.03169881635589,20.6125488319429,7.72265595866492,0.391454302426032,33.7686582202417,0.340951684365331,0,10.1646401354815,6.24604489030789,copper chaperone for superoxide dismutase,,,,,,copper chaperone for superoxide dismutase,,,
XP_027264538.1,glutathione S-transferase P 2 isoform X2 [Cricetulus griseus],25.2755394718008,0,0,0,89.7895373106125,6.09235518261031,0,11.6731464442308,0,glutathione s transferase p 2 isoform x2,,glutathione s transferase,,glutathione s transferase p,,glutathione s transferase p,,,
XP_027264700.1,cathepsin D [Cricetulus griseus],38.1515520453097,20.2769104653236,21.2694179518057,22.5288653156708,53.2679355324295,75.2873002477702,0,16.0594063350714,1.36106892628455,cathepsin d,cathepsin d,cathepsin d,cathepsin d,,cathepsin d,cathepsin d,,,
XP_027264737.1,60S acidic ribosomal protein P2 isoform X1 [Cricetulus griseus],10.6903311738178,13.7348523826024,3.52502343562405,0.0330286660584365,5.3626127386478,0.556676719287574,0,5.49884298549815,0.0786404007831228,60s acidic ribosomal protein p2 isoform x1,,,,,,,,,60s acidic ribosomal protein p2
XP_027264803.1,ribonuclease inhibitor isoform X2 [Cricetulus griseus],19.9608079419485,159.838901926969,32.6054714373747,1.93825770451506,0,2.77426499308841,0.333568944695623,21.6968934939014,9.12919795795436,ribonuclease inhibitor isoform x2,,,,,,ribonuclease inhibitor,,,
XP_027265003.1,insulin [Cricetulus griseus],0.262808125542769,11.8338663093085,5.82372585602016,0.0912959918717819,0.0803729643273758,0,0.288429316054906,12.8175243158563,3.94512564423092,insulin,,,insulin,,,,,,
XP_027265076.1,serpin B6 isoform X1 [Cricetulus griseus],2.39928692240755,52.0725056025889,23.6400186547852,0.198122473356325,0.925089316998131,0,0.264018367548892,14.9770674316711,12.6117078327832,serpin b6 isoform x1,,,,,,serpin b6,,,
XP_027265239.1,nidogen-1 isoform X3 [Cricetulus griseus],36.0910104716643,195.759523692629,76.0441136627878,35.2440126015447,337.85688540626,6.97500564635965,1.67863331826384,191.223622638098,45.7189023238376,nidogen 1 isoform x3,nidogen 1,,nidogen 1,,nidogen 1,,,,nidogen 1
XP_027265420.1,cathepsin L1 [Cricetulus griseus],126.533126970846,16.9177729011085,6.29940371876108,50.1321541289378,295.902788887394,9.10194945312624,0,8.32025939518885,2.23329750961333,cathepsin l1,cathepsin l,cathepsin l,,,,cathepsin l1,,,
XP_027265895.1,dickkopf-related protein 3 isoform X1 [Cricetulus griseus],53.8919458561358,8.96143830221372,15.1545262642642,14.5167115793195,10.7395224328852,5.71826074030114,0,2.35075665779295,0,dickkopf related protein 3 isoform x1,,,,,dickkopf related protein 3,,,,
XP_027265953.1,nucleobindin-2 isoform X2 [Cricetulus griseus],705.828786126099,83.9391712926256,172.755089962139,190.676323358992,889.37722826111,58.5660812826197,0.619171121792732,11.2333590420727,5.27279038092878,nucleobindin 2 isoform x2,nucleobindin 2,,,,nucleobindin 2,,,,
XP_027266732.1,procollagen C-endopeptidase enhancer 2 isoform X2 [Cricetulus griseus],0.515610108992916,9.11177007239385,2.916679571502,0.499503285371551,3.00553330562405,0.244476965019553,0.458646483980122,20.6844563334338,6.07268796090663,procollagen c endopeptidase enhancer 2 isoform x2,procollagen c endopeptidase enhancer,,,,,,,,
XP_027266875.1,collagen alpha-1(XII) chain isoform X4 [Cricetulus griseus],42.5719874553788,978.716445903706,838.253892418986,12.3376497693478,3.98569485441231,0,0,69.5911708108733,0.382710744151,collagen alpha 1(xii) chain isoform x4,,,,,,collagen alpha ,,,
XP_027266901.1,glutathione S-transferase A4 [Cricetulus griseus],7.96173312059174,0,0,2.57200017914635,14.7563470009959,6.37075075041055,0,0.595001712054449,0,glutathione s transferase a4,,glutathione s transferase,,,,glutathione s transferase,,,
XP_027267055.1,annexin A2 isoform X2 [Cricetulus griseus],33.3165601872508,2.46881451172148,0.656378113656746,1.93555158499334,64.7653479985382,6.71430932033606,0,0.413503477355868,0,annexin a2 isoform x2,annexin a2,,,,,annexin a2,,,annexin a2
XP_027267107.1,peptidyl-prolyl cis-trans isomerase B [Cricetulus griseus],128.714704372289,16.5552531216485,3.81747959944842,0,131.097321247912,297.275094127241,0,11.3038150955447,0.691495559156113,peptidyl prolyl cis trans isomerase b,,,,peptidyl prolyl cis trans isomerase,,peptidyl prolyl cis trans isomerase,,,
XP_027267545.1,amyloid-like protein 2 isoform X5 [Cricetulus griseus],5.43410796838395,13.9436218621081,0,0,13.6670501973585,2.71827755657524,0,12.6796869108403,0,amyloid like protein 2 isoform x5,,,,,amyloid like protein 2,,,,
XP_027267631.1,sialate O-acetylesterase isoform X2 [Cricetulus griseus],2.28357999069574,0,0,1.3567637746855,0.529222263299072,1.35452118452928,0,0,0,sialate o acetylesterase isoform x2,sialate o acetylesterase,sialate o acetylesterase,,,,,,,
XP_027268152.1,T-complex protein 1 subunit theta isoform X2 [Cricetulus griseus],24.798662250905,473.307077807653,188.668020047782,2.50805587154638,3.37978387293452,0,4.08097917469184,324.455909091249,73.8365586812326,t complex protein 1 subunit theta isoform x2,,,,,,,,,t complex protein 1 subunit theta
XP_027268236.1,vitamin K-dependent protein S [Cricetulus griseus],45.0247557333992,118.724767323238,47.5131723496897,97.079703009677,20.3758400301954,0,0.237850128919723,57.7285105018593,13.0604432496016,vitamin k dependent protein s,,,,,,vitamin k dependent protein s,,,
XP_027268506.1,follistatin-related protein 1 [Cricetulus griseus],46.3230805572656,304.992517190321,158.343765829264,18.923995212835,62.3270912574115,17.0783257891355,2.76470581445518,118.384207225189,57.5754578307805,follistatin related protein 1,follistatin related protein 1,,,,follistatin related protein 1,follistatin related protein 1,,,
XP_027269616.1,T-complex protein 1 subunit zeta [Cricetulus griseus],15.4463346429871,370.911525737191,85.8921607810439,0.753717727529345,1.09106050013061,1.38721754557869,1.65647971144797,275.324363797112,58.1178213600109,t complex protein 1 subunit zeta,,,,,,,,,t complex protein 1 subunit zeta
XP_027269644.1,GTP-binding nuclear protein Ran isoform X2 [Cricetulus griseus],16.1492384801245,238.520457648494,65.520142005445,1.41028649875812,25.4157750909212,4.08413272252956,0.902008076052265,93.7382591303793,20.8561981460195,gtp binding nuclear protein ran isoform x2,gtp binding nuclear protein,,,,,,,,gtp binding nuclear protein ran
XP_027269956.1,putative phospholipase B-like 2 [Cricetulus griseus],93.811170675092,931.036758248175,269.281184546385,133.337841178747,26.5463592813575,3.82729102330622,8.87750845879033,260.866757476669,84.5015465328842,putative phospholipase b like 2,phospholipase b like 2,phospholipase b like 2,,,,phospholipase b like,,putative phospholipase b like 2,putative phospholipase b like 2
XP_027269992.1,heat shock protein beta-8 [Cricetulus griseus],0.647179316623268,3.4101009293205,1.57364861585225,0.129274880137046,0.835586747805265,0,0,0.795143797644507,0.214464931442242,heat shock protein beta 8,,,heat shock protein,,,,,,
XP_027270017.1,60S acidic ribosomal protein P0 isoform X1 [Cricetulus griseus],3.04997911230175,108.86498164012,41.9716565586,0,0,0.158928689961785,1.92285786877755,100.638957859724,35.6334017964782,60s acidic ribosomal protein p0 isoform x1,60s acidic ribosomal protein p0,,,,,,,,60s acidic ribosomal protein p0
XP_027270674.1,pyruvate kinase PKM isoform X2 [Cricetulus griseus],62.357031735858,276.982455247232,112.739922427784,16.7004192844313,17.3838660022633,0.926997433145431,0.389732583265853,99.7020901774855,35.9832931100049,pyruvate kinase pkm isoform x2,pyruvate kinase,pyruvate kinase,,pyruvate kinase,,,,,
XP_027270812.1,chondroitin sulfate proteoglycan 4 [Cricetulus griseus],65.6092447839772,951.021798997356,1980.07721240054,10.4886830906466,2.60015122862588,0,0,15.2400005660607,0,chondroitin sulfate proteoglycan 4,chondroitin sulfate proteoglycan 4,,,,chondroitin sulfate proteoglycan 4,,chondroitin sulfate proteoglycan 4,,
XP_027271994.1,heat shock protein beta-1 isoform X2 [Cricetulus griseus],24.2900598116444,44.1782732399346,17.1067436775826,0.865032255854092,7.78725734723412,0.455508043705074,0.447660765198932,20.1569776469484,4.46902798571168,heat shock protein beta 1 isoform x2,,,heat shock protein,,,,,,
XP_027272044.1,procollagen C-endopeptidase enhancer 1 [Cricetulus griseus],340.067360014868,453.344442344394,234.811012539604,216.105745671252,146.06224006067,100.502346511648,3.56316036558876,354.604044551425,139.891001749066,procollagen c endopeptidase enhancer 1,procollagen c endopeptidase enhancer,,,,procollagen c endopeptidase enhancer 1,procollagen c endopeptidase enhancer 1,,,
XP_027272306.1,peptidyl-prolyl cis-trans isomerase FKBP3 isoform X2 [Cricetulus griseus],9.1107673831249,0,0,1.64897034126333,87.7336790776217,6.02613475296451,0,0,0,peptidyl prolyl cis trans isomerase fkbp3 isoform x2,,,,peptidyl prolyl cis trans isomerase,,peptidyl prolyl cis trans isomerase,,,
XP_027272775.1,laminin subunit beta-1 isoform X1 [Cricetulus griseus],31.9778705091548,591.585682459651,547.353188092549,21.5912691119797,1674.91332823843,13.6825907105543,0,65.2179366232661,5.73073407323909,laminin subunit beta 1 isoform x1,laminin subunit beta 1,,,,laminin subunit beta 1,,laminin subunit beta 1 isoform x1,,
XP_027273039.1,peroxiredoxin-6 isoform X2 [Cricetulus griseus],19.2615794792143,60.0399324523565,15.8834413340236,105.47963063201,51.3284790969057,3.08870264229184,160.885459064413,27.0220768212338,80.9721217888438,peroxiredoxin 6 isoform x2,,peroxiredoxin,,,,,,,
XP_027273832.1,40S ribosomal protein S28 [Cricetulus griseus],9.1656561446913,0.800475108160873,0.804317356200328,0,10.2153534424732,13.5372918010221,0,0.571607826917743,0.163990095358575,40s ribosomal protein s28,,,,,,40s ribosomal protein s28,,,
XP_027274154.1,eukaryotic translation initiation factor 2 subunit 1 [Cricetulus griseus],6.2155673634139,9.13644956438196,7.95306425217973,3.96257236528665,4.88195877004144,1.41574099723485,0.299185530629127,5.80269587421633,1.1060329273796,eukaryotic translation initiation factor 2 subunit 1,,,,,,,,,eukaryotic translation initiation factor 2 subunit 1
XP_027274741.1,transgelin-2 [Cricetulus griseus],6.5756352125828,16.1901509496446,3.18556981535381,0,108.215346039945,2.59328219872115,0,9.85708814063452,0.87131823026154,transgelin 2,transgelin 2,,,,,,,,
XP_027274751.1,immunoglobulin superfamily member 8 isoform X3 [Cricetulus griseus],4.33966548215646,0,0,0,37.1795130053346,0.970066822732503,0,2.0149172720506,0,immunoglobulin superfamily member 8 isoform x3,,,,,immunoglobulin superfamily member 8,,,,
XP_027274961.1,legumain [Cricetulus griseus],81.2079648716487,9.50910312450166,3.58034219768201,40.7669682130994,61.4481398368108,3.44481668290725,0,3.93916382147556,0.257742674710229,legumain,legumain,,,,legumain,,,,
XP_027275654.1,cathepsin Z [Cricetulus griseus],118.01630325184,73.9887722682354,28.7977933622343,125.203199468314,52.2889705822285,34.4310914781591,0.712433347707946,36.442833807517,6.98605394865467,cathepsin z,cathepsin z,cathepsin z,,,,,,,
XP_027275692.1,40S ribosomal protein S21 [Cricetulus griseus],1.34930874093178,1.52867884006797,0.83408867807364,0,0.662536106525776,0.799676625457976,0.0400307701297081,1.41259026536458,0.437431119399891,40s ribosomal protein s21,,,,,,,,,40s ribosomal protein s21
XP_027277166.1,eukaryotic translation initiation factor 6 isoform X2 [Cricetulus griseus],2.84011535673367,35.9316219292325,12.9915145447127,0.39056296622329,1.672926258346,0,0.529814382541698,23.7229947932138,10.8875115281497,eukaryotic translation initiation factor 6 isoform x2,,,,,,eukaryotic translation initiation factor 6,,,
XP_027277349.1,peptidyl-prolyl cis-trans isomerase FKBP1A isoform X2 [Cricetulus griseus],2.85649909630157,0,0,0,0,12.7557477746026,0,0,0,peptidyl prolyl cis trans isomerase fkbp1a isoform x2,,,,peptidyl prolyl cis trans isomerase,,peptidyl prolyl cis trans isomerase,,,
XP_027278064.1,"actin, alpha cardiac muscle 1 [Cricetulus griseus]",32.6942536089044,158.52845612286,82.0614548745887,4.62640240376111,2.12366162329875,0.719565453013059,0,113.202594999906,22.1298940978073,actin alpha cardiac muscle 1,,,actin,,actin,,,,actin alpha cardiac muscle 1
XP_027278163.1,catalase isoform X1 [Cricetulus griseus],7.03523386789746,7.73254421380802,4.85316917169188,6.77558207958673,1.44187692904831,0.274864537551017,0,11.5085752092929,1.1078445314316,catalase isoform x1,catalase,,,,,,,,
XP_027278839.1,collagen alpha-1(V) chain isoform X5 [Cricetulus griseus],321.864082582975,70.349662046893,37.2840351431435,163.827729714464,1047.60896837813,94.382491168808,0,3.37851210480219,2.20318168181321,collagen alpha 1(v) chain isoform x5,,,,,,collagen alpha ,,,
XP_027279240.1,lysosomal protective protein [Cricetulus griseus],184.847467206657,56.2021217597471,36.6016742760663,139.840319425642,243.522707378078,3.77764787215485,0,14.4376830619153,8.91300172395057,lysosomal protective protein,lysosomal protective protein,,lysosomal protective protein,,,,,,
XP_027279241.1,phospholipid transfer protein isoform X1 [Cricetulus griseus],897.271921697578,6566.48132454735,4193.49122009256,252.792776710869,347.906333088581,37.3161231800768,34.7054085192244,2471.9430900104,533.526341676656,phospholipid transfer protein isoform x1,phospholipid transfer protein,,,,,,,,
XP_027279267.1,syndecan-4 [Cricetulus griseus],0.349075484098093,0,0,0,0,0.122787901667887,0,0,0,syndecan 4,,,,,syndecan 4,,,,
XP_027279575.1,60S ribosomal protein L12 isoform X2 [Cricetulus griseus],1.6486529872171,73.340870845594,24.1108081439312,0,1.8532745711954,0.983366000840442,1.27420132850355,70.4219352250931,15.6625768543963,60s ribosomal protein l12 isoform x2,,,,,,,,,60s ribosomal protein l12
XP_027279882.1,60S ribosomal protein L23 [Cricetulus griseus],0.129541496493649,1.54781195741863,0.397306616832343,0,0.354955533074779,0.183494236992202,0,1.05200944423536,0.376843342952075,60s ribosomal protein l23,,,,,,,,,60s ribosomal protein l23a
XP_027280118.1,nucleoside diphosphate kinase B [Cricetulus griseus],34.7430275998432,25.2240369801277,13.4417796760461,37.4445496838084,56.6001353547977,7.33409950521487,0.137474313263902,3.85124417576035,1.32443874644133,nucleoside diphosphate kinase b,nucleoside diphosphate kinase b,,,,,,,,nucleoside diphosphate kinase b
XP_027280121.1,nucleoside diphosphate kinase A isoform X1 [Cricetulus griseus],26.600830281891,11.8075344013252,5.13383701014063,15.6909655336033,28.094999341565,2.30633666012389,0.0680614258683178,2.78141370604378,0.779414050404979,nucleoside diphosphate kinase a isoform x1,,,,,,,,,nucleoside diphosphate kinase a
XP_027280477.1,protein disulfide-isomerase A6 isoform X2 [Cricetulus griseus],12.257338243966,6.67488095749055,3.48601425117786,15.9961753036669,19.9104331751073,1.72009585470982,0,6.58908286694591,1.44791703183806,protein disulfide isomerase a6 isoform x2,protein disulfide isomerase,protein disulfide isomerase,,,,,,protein disulfide isomeras,protein disulfide isomerase a6
XP_027280493.1,14-3-3 protein theta [Cricetulus griseus],2.85291853202482,12.3953048312647,9.16021467339775,4.34156646453517,0.71360275848608,0,0.112003006681726,15.9197887677022,3.14741132860057,14 3 3 protein theta,,,,,,14 3 3 protein theta,,,
XP_027280693.1,brain-specific serine protease 4 isoform X1 [Cricetulus griseus],45.319170109942,34.5809427268042,13.1432825157762,15.1168030154066,116.531760766309,12.1781591267166,0,17.2182462660136,1.6615381074724,brain specific serine protease 4 isoform x1,serine protease,serine protease,,,,,,,
XP_027281031.1,nudC domain-containing protein 2 [Cricetulus griseus],1.60883020956507,1.00026517672055,0,0,6.46752312568722,0.226342140884155,0,0.196774110275546,0,nudc domain containing protein 2,,,,,,nudc domain containing protein 2,,,
XP_027282087.1,retinoid-inducible serine carboxypeptidase [Cricetulus griseus],59.2629951345017,688.395005409823,560.164967653991,16.8650537850142,11.2788860016115,1.05987453940366,10.2446314938545,689.071786296507,157.114680152518,retinoid inducible serine carboxypeptidase,,,,,,carboxypeptidase,,,
XP_027282301.1,C-C motif chemokine 2 [Cricetulus griseus],2173.74641529194,139.62040238433,77.296133912626,1514.20416427389,2052.89374160296,369.710103376424,1.58851736799987,54.3182827037441,27.7937785387001,c c motif chemokine 2,c c motif chemokine,,,,,c c motif chemokine,,,
XP_027282302.1,C-C motif chemokine 7 [Cricetulus griseus],7.42589173667983,0,0,0,7.36210114636854,28.8100590800947,0,0,0.312880279918037,c c motif chemokine 7,c c motif chemokine,,,,,c c motif chemokine,,,
XP_027282394.1,fructose-bisphosphate aldolase C [Cricetulus griseus],19.8285886985361,6.55938586884104,6.84629586055404,16.1618719756586,0.583342797734899,0.174025618813239,0,1.53561098007188,0.535982028395226,fructose bisphosphate aldolase c,fructose bisphosphate aldolase,,,,,,,,
XP_027282494.1,LOW QUALITY PROTEIN: carboxypeptidase D isoform X2 [Cricetulus griseus],40.8601632758585,113.02303538585,655.309235737082,8.97456867846086,9.20922233062493,0,0.906359872702184,61.9041173273665,14.7468973821898,low quality protein: carboxypeptidase d isoform x2,carboxypeptidase d,carboxypeptidase d,,,,carboxypeptidase,,,
XP_027282527.1,14-3-3 protein epsilon isoform X2 [Cricetulus griseus],32.5896745716951,77.455428905388,25.906701252151,39.5597136281023,9.66430958909733,0.385703911385786,1.66429294952088,28.172560068315,4.34646632115948,14 3 3 protein epsilon isoform x2,,,,,,,,,14 3 3 protein epsilon
XP_027283255.1,SPARC isoform X4 [Cricetulus griseus],4.90844857036572,0.255052974600154,0,2.63129247261722,0,0,0,0.289297154387245,0,sparc isoform x4,,,sparc,,sparc,,,,
XP_027283365.1,S-phase kinase-associated protein 1 [Cricetulus griseus],1.99775446834475,1.77552492267081,0,0,0,0,0,0.541841413642302,0,s phase kinase associated protein 1,,,,,,s phase kinase associated protein 1,,,
XP_027283782.1,granulins isoform X1 [Cricetulus griseus],32.6680032936135,82.1124901381592,53.4391375881293,13.1356022665097,24.418630423322,11.4793869779975,0,39.9121693760788,16.6055107613031,granulins isoform x1,granulins,,,,,,,,
XP_027283961.1,peptidyl-prolyl cis-trans isomerase FKBP10 isoform X1 [Cricetulus griseus],5.32893160839733,33.2227518533936,20.2059844105638,8.23573904785924,0,0,0,30.4495002041031,14.5918969881496,peptidyl prolyl cis trans isomerase fkbp10 isoform x1,,,,peptidyl prolyl cis trans isomerase,,peptidyl prolyl cis trans isomerase,,,
XP_027284060.1,triosephosphate isomerase isoform X2 [Cricetulus griseus],36.4125375977978,49.3775788076124,17.0284493472896,11.3825242063901,122.899692185687,1.61508172443888,0.311289212641115,23.9164336439645,8.77112722542403,triosephosphate isomerase isoform x2,triosephosphate isomerase,,,,,,,,triosephosphate isomerase
XP_027284190.1,peptidyl-prolyl cis-trans isomerase FKBP4 isoform X2 [Cricetulus griseus],4.51027076981409,17.06061413024,5.33405971756303,3.84771215138113,3.67107029794343,0.278331159991596,0,6.64509489868482,0.967032765364434,peptidyl prolyl cis trans isomerase fkbp4 isoform x2,,,,peptidyl prolyl cis trans isomerase,,peptidyl prolyl cis trans isomerase,,,
XP_027284552.1,T-complex protein 1 subunit eta isoform X2 [Cricetulus griseus],17.8019876035251,218.383584879138,85.2826615958331,0.836611587780685,0,0,2.60141693615916,123.85184695277,33.4498177051359,t complex protein 1 subunit eta isoform x2,,,,,,,,,t complex protein 1 subunit eta
XP_027285466.1,peptidyl-prolyl cis-trans isomerase FKBP14 isoform X1 [Cricetulus griseus],1.61162344038989,0,0,0.147906721891279,2.69725372040226,0.260307708068119,0,0.417826033180185,0,peptidyl prolyl cis trans isomerase fkbp14 isoform x1,,,,peptidyl prolyl cis trans isomerase,,peptidyl prolyl cis trans isomerase,,,
XP_027285515.1,peptidyl-prolyl cis-trans isomerase FKBP9 [Cricetulus griseus],6.49229124729598,9.91664603100463,0,14.3529423780302,0.879181716414714,0,0,16.3238095787531,0.798473027271746,peptidyl prolyl cis trans isomerase fkbp9,,,,peptidyl prolyl cis trans isomerase,,peptidyl prolyl cis trans isomerase,,,
XP_027286240.1,flavin reductase (NADPH) isoform X2 [Cricetulus griseus],8.90563586396512,26.7360309885423,6.76986250105565,0,113.363689909206,7.34379157355384,0.293347427036861,12.5613879900742,5.06114892115088,flavin reductase (nadph) isoform x2,,,,,,flavin reductase,,,
XP_027286887.1,suprabasin isoform X1 [Cricetulus griseus],966.777950987262,7.02552273506046,18.3762266405222,16.4292361170999,752.085796670413,183.707733107747,0,0,0.830018652451003,suprabasin isoform x1,,,,,,suprabasin,,,
XP_027287131.1,calmodulin-3 isoform X3 [Cricetulus griseus],13.7634994265873,0,0,1.6903236835473,102.797054704327,1.47996817680231,0,0,0,calmodulin 3 isoform x3,calmodulin,,,,,,,,
XP_027287700.1,"10 kDa heat shock protein, mitochondrial [Cricetulus griseus]",6.40673010090508,0,0,0,23.4457355007838,1.59111392700064,0,0,0,10 kda heat shock protein mitochondrial,,,heat shock protein,,,,,,
XP_027288083.1,metalloproteinase inhibitor 1 [Cricetulus griseus],60.813893015999,15.4910219101411,10.1109235519474,10.0356157277269,40.5416568177114,29.2444629411755,0,14.787543876643,6.50352101912921,metalloproteinase inhibitor 1,metalloproteinase inhibitor 1,,metalloproteinase inhibitor 1,,metalloproteinase inhibitor 1,metalloproteinase inhibitor 1,,,metalloproteinase inhibitor 1
XP_027288193.1,V-type proton ATPase subunit S1 isoform X2 [Cricetulus griseus],25.8387537382706,64.4295435501458,17.0134125009933,11.8893530502282,26.5982644743948,1.21027947332849,0,26.6776746337658,4.81054869149344,v type proton atpase subunit s1 isoform x2,,,v type proton atpase subunit s1,,,,,,
XP_027288513.1,peroxiredoxin-4 isoform X5 [Cricetulus griseus],220.526505141641,446.654276774382,272.288538206508,126.164700561553,145.012012981124,13.8006934487324,0,358.112951911963,162.95658282901,peroxiredoxin 4 isoform x5,,peroxiredoxin,,,,,,,
XP_027288630.1,alpha-galactosidase A isoform X3 [Cricetulus griseus],9.20942987501963,42.6196477495826,87.7405520222091,20.065964143223,0,0.319111595190725,0.603875984625508,53.1729927157445,17.3778953614585,alpha galactosidase a isoform x3,,,,,alpha galactosidase a,,,,
XP_027288991.1,renin receptor isoform X5 [Cricetulus griseus],18.1573403084663,363.195318379536,98.1285213306754,4.6503418070714,45.6612112802204,0.712419367693471,0.210206173559214,124.638651413366,6.51542245190885,renin receptor isoform x5,,,renin receptor,,,,,,
NP_001230907.1,tubulin alpha-1A chain [Cricetulus griseus],0,1.62653093126012,1.13466816257368,0,0,0,0,2.23523414147304,0,tubulin alpha 1a chain,tubulin alpha 1a chain,,,,,,,,
NP_001230969.1,40S ribosomal protein S17 [Cricetulus griseus],0,0.602632265752283,0,0,0,0,0,0,0,40s ribosomal protein s17,,,,,,,,,40s ribosomal protein s17
NP_001231051.1,calreticulin precursor [Cricetulus griseus],0,9.00008969239792,2.3041324389176,2.48452585480764,1.44894897887786,3.8740541412872,0.214925719836759,12.3243826544043,3.06848763277704,calreticulin precursor,calreticulin,,,,,,,,
NP_001233698.1,matrix metalloproteinase-14 precursor [Cricetulus griseus],0,8.9020636325405,0,0,0,1.13672647295759,0,11.0138049017307,0,matrix metalloproteinase 14 precursor,,matrix metalloproteinase,,,,,,,
XP_027244842.1,peptidyl-prolyl cis-trans isomerase FKBP5 [Cricetulus griseus],0,9.97125229793113,3.08600702856501,0,0,0,0,3.59753670197833,0,peptidyl prolyl cis trans isomerase fkbp5,,,,peptidyl prolyl cis trans isomerase,,peptidyl prolyl cis trans isomerase,,,
XP_027245568.1,glutathione S-transferase kappa 1 isoform X1 [Cricetulus griseus],0,0.242904718941907,0,0,0.298860282280613,0,0,0,0,glutathione s transferase kappa 1 isoform x1,,glutathione s transferase,,,,glutathione s transferase,,,
XP_027248528.1,"ATP synthase subunit beta, mitochondrial [Cricetulus griseus]",0,3.59763080349916,3.0737178467744,0,0,0,0,8.28417384012374,0,atp synthase subunit beta mitochondrial,,,atp synthase subunit beta mitochondrial,,,,,,
XP_027249198.1,protein S100-A10 [Cricetulus griseus],0,3.64528896171092,0,0,0,0,0,4.16511624010493,0.144575725186442,protein s100 a10,,protein s100,,,,protein s100 a10,,,
XP_027249497.1,histone H2B type 1 [Cricetulus griseus],0,10.7322371033105,1.04862888857343,0,0,0,0,4.42664515565834,0,histone h2b type 1,histone h2b type 1 n,,,,,,,,histone h2b type 1 n
XP_027253429.1,glypican-1 isoform X2 [Cricetulus griseus],0,51.0106408347669,25.7791001145516,1.72423258304488,1.76759238031532,0,0,55.5961146352157,10.3045601183173,glypican 1 isoform x2,,,,,glypican 1,,,,
XP_027259446.1,protein disulfide-isomerase TMX3 isoform X5 [Cricetulus griseus],0,10.5196493273713,3.41146982340565,0,0,0,0,13.1856067992689,3.92577290124137,protein disulfide isomerase tmx3 isoform x5,protein disulfide isomerase,protein disulfide isomerase,,,,,,protein disulfide isomeras,
XP_027259718.1,myosin-9 isoform X2 [Cricetulus griseus],0,243.130558263782,121.974086141379,0,0,0,4.71787277590228,265.486652000624,58.1673422833597,myosin 9 isoform x2,myosin 9,,,,,,,,
XP_027259796.1,85/88 kDa calcium-independent phospholipase A2 isoform X4 [Cricetulus griseus],0,13.7253466538635,0,0,0,0,0,7.51271674922952,0,85/88 kda calcium independent phospholipase a2 isoform x4,,,,,,lipase,,,
XP_027263985.1,lactadherin isoform X5 [Cricetulus griseus],0,59.7197413998125,9.11440578077025,7.76054375880326,2.59788764615964,0,0.260031769300935,45.6834281976689,3.45839425026389,lactadherin isoform x5,lactadherin,,,,lactadherin,,,,lactadherin
XP_027264418.1,barrier-to-autointegration factor [Cricetulus griseus],0,0.681131515220181,0.0612912639242644,0,0,0.0507808736019243,0,0.884030480925423,0,barrier to autointegration factor,,,,,,barrier to autointegration factor,,,
XP_027265128.1,phosphatidylinositol-glycan-specific phospholipase D [Cricetulus griseus],0,25.3548105826939,6.53697999517131,0,0,0,0,13.1235660090925,3.55639056883055,phosphatidylinositol glycan specific phospholipase d,,,,,,lipase,,,
XP_027265955.1,40S ribosomal protein S15a [Cricetulus griseus],0,45.6065088004268,11.0482952554894,0,0,0,0.662085945586486,52.9690610281292,10.7184920151656,40s ribosomal protein s15a,,,,,,,,,40s ribosomal protein s15a
XP_027267257.1,ubiquitin-like protein 5 [Cricetulus griseus],0,0.509860284135048,0.152178154650564,0,0,0,0,0.1868287657939,0,ubiquitin like protein 5,,,,,,ubiquitin,,ubiquitin,
XP_027269013.1,stromal cell-derived factor 2-like protein 1 [Cricetulus griseus],0,23.6658641577234,4.21786329802085,0,2.7010109775832,0.671672568224892,0,3.08300721699032,0,stromal cell derived factor 2 like protein 1,,,,,,stromal cell derived factor 2 like protein 1,,,
XP_027270673.1,pyruvate kinase PKM isoform X1 [Cricetulus griseus],0,46.0417628347092,13.5669239982408,0,0,0,0,11.9864508234456,2.50768269434291,pyruvate kinase pkm isoform x1,pyruvate kinase,pyruvate kinase,,pyruvate kinase,,,,,
XP_027273163.1,laminin subunit gamma-1 isoform X2 [Cricetulus griseus],0,45.5048910786396,30.6432943944406,0,0,0,0,0,0,laminin subunit gamma 1 isoform x2,laminin subunit gamma 1,,,,laminin subunit gamma 1,,,,
XP_027274198.1,alpha-actinin-1 isoform X6 [Cricetulus griseus],0,1.2586797799279,47.4516138146076,0,0,0,0,4.81131397611357,1.59165509249113,alpha actinin 1 isoform x6,,,actin,,actin,,,,
XP_027274541.1,lysophospholipase-like protein 1 isoform X2 [Cricetulus griseus],0,12.7489196988871,2.91674234533519,0,0,0,0,3.26616859773647,0,lysophospholipase like protein 1 isoform x2,,,,,,lipase,,,
XP_027275671.1,proteasome subunit alpha type-7 isoform X2 [Cricetulus griseus],0,7.89547613690565,6.93244827171108,0,0,0,0,8.71482435403209,1.24441320445997,proteasome subunit alpha type 7 isoform x2,proteasome subunit alpha type 7,,,,,,,,proteasome subunit alpha type 7
XP_027279826.1,"heat shock protein 75 kDa, mitochondrial [Cricetulus griseus]",0,251.685482033461,2.13970454912762,0,0,0,0,183.51991241034,1.06316455043523,heat shock protein 75 kda mitochondrial,,,heat shock protein,,,,,,
XP_027280545.1,low molecular weight phosphotyrosine protein phosphatase isoform X2 [Cricetulus griseus],0,1.65064141028738,5.95269576706686,0,2.28923561715543,0.733863026538861,0,0.626596298933057,0,low molecular weight phosphotyrosine protein phosphatase isoform x2,,,,,,,,,phosphotyrosine protein phosphatase
XP_027280694.1,3-phosphoinositide-dependent protein kinase 1 isoform X2 [Cricetulus griseus],0,5.03536684854967,1.07271459791336,0,0,0,0,2.43349816385741,0,3 phosphoinositide dependent protein kinase 1 isoform x2,,,,,3 phosphoinositide dependent protein kinase 1,,,,
XP_027281289.1,N-sulphoglucosamine sulphohydrolase isoform X1 [Cricetulus griseus],0,1.24307130088141,0,0,0,0,0,0,0,n sulphoglucosamine sulphohydrolase isoform x1,,,,,n sulphoglucosamine sulphohydrolase,,,,
XP_027282357.1,galectin-9 isoform X4 [Cricetulus griseus],0,1.3127280750189,0.396397203073925,0,0,1.04892167151097,0,1.13320925901115,0,galectin 9 isoform x4,,,,,,galectin,,,
XP_027284320.1,protein disulfide-isomerase A4 [Cricetulus griseus],0,12.2708291433352,0,0,0.934865405692234,0,0,16.2591532833414,0.680296671545633,protein disulfide isomerase a4,protein disulfide isomerase,protein disulfide isomerase,,,,,,protein disulfide isomeras,
XP_027284541.1,sepiapterin reductase isoform X2 [Cricetulus griseus],0,6.51400468776746,0.800432784929263,0,1.74670302589914,0,0,6.63426518585156,1.93063732122537,sepiapterin reductase isoform x2,,,,,,sepiapterin reductase,,,
XP_027287055.1,heat shock protein beta-6 isoform X2 [Cricetulus griseus],0,0.511775927590058,0,0,0,0,0,0.326058068395289,0,heat shock protein beta 6 isoform x2,,,heat shock protein,,,,,,
XP_027279237.1,matrix metalloproteinase-9 [Cricetulus griseus],0,0,19.6738047733992,0,0,0,0,0,0,matrix metalloproteinase 9,,matrix metalloproteinase,,,matrix metalloproteinase 9,,,,
XP_027281318.1,galectin-3-binding protein [Cricetulus griseus],0,0,2.34761439738757,0,0,0,0,0,0,galectin 3 binding protein,galectin 3 binding protein,,galectin 3 binding protein,,galectin 3 binding protein,galectin,,,galectin 3
XP_027285235.1,"serine protease HTRA2, mitochondrial [Cricetulus griseus]",0,0,1.8208164928958,0,0,0,0,0,0,serine protease htra2 mitochondrial,serine protease,serine protease,,,,,,,
XP_027248601.1,glutathione S-transferase A6 isoform X2 [Cricetulus griseus],0,0,0,0,2.07890275324567,0,0,0,0,glutathione s transferase a6 isoform x2,,glutathione s transferase,,,,glutathione s transferase,,,
XP_027269173.1,"10 kDa heat shock protein, mitochondrial [Cricetulus griseus]",0,0,0,0,5.66885007542525,0.478633385988209,0,0,0,10 kda heat shock protein mitochondrial,,,heat shock protein,,,,,,
XP_027286251.1,phospholipase D3 [Cricetulus griseus],0,0,0,0,1.21005608797975,0,0,0,0,phospholipase d3,phospholipase d3,,,,,lipase,,,
XP_027265251.1,galectin-8 [Cricetulus griseus],0,0,0,0,0,0.297723477268404,0,0,0,galectin 8,,,,,,galectin,,,
XP_027279271.1,antileukoproteinase [Cricetulus griseus],0,0,0,0,0,9.00644060330678,0,0,0,antileukoproteinase,,,,,,antileukoproteinase,,,
XP_027272084.1,C-C motif chemokine 24 [Cricetulus griseus],0,0,0,0,0,0,0,2.27269060628101,0.565810804591395,c c motif chemokine 24,c c motif chemokine,,,,,c c motif chemokine,,,
XP_027278950.1,TBC1 domain family member 13 isoform X1 [Cricetulus griseus],0,0,0,0,0,0,0,1.24549075726637,0,tbc1 domain family member 13 isoform x1,,,,,,tbc1 domain family member 13,,,
