accession,name,std_hccf_feed,std_hccf_large,std_hccf_small,std_hccf_mab,std_hccf_lmw1,std_hccf_lmw2,native_hccf_feed,native_hccf_large,native_hccf_small,native_hccf_mab,native_hccf_lmw1,std_pafvin_feed,std_pafvin_large,std_pafvin_small,std_pafvin_mab,native_pafvin_feed,native_pafvin_large,native_pafvin_small,native_pafvin_mab,pI_mean,mass_mean,cysteine_cont_percent_mean,cysteine_num_mean,net_charge_mean,net_charge_neg_mean,net_charge_pos_mean,charge_dens_C_m2_mean,charge_dens_neg_C_m2_mean,charge_dens_pos_C_m2_mean,desc_lower,desc_lower_2,high_risk_name,impact,impact_type,function
XP_027246103.1,clusterin [Cricetulus griseus],True,True,True,True,True,True,True,True,True,True,True,True,True,True,False,True,True,True,True,5.361981317545045,51757.18660000009,2.460850111856823,11.0,-10.01241178961575,-66.96790637656574,56.955494586949975,-0.0210089871342014,-0.1405183798901335,0.119509392755932,clusterin,clusterin,clusterin,Immunogenicity,Immunogenic response,Multifunctional disulfide-linked heterodimeric glycoprotein associated with clearance of cellular debris and apoptosis
XP_027270674.1,pyruvate kinase PKM isoform X2 [Cricetulus griseus],True,True,True,True,True,True,True,True,True,True,True,True,True,True,False,True,True,True,False,7.42707565731219,57893.154600000096,1.8832391713747645,10.0,1.9838589761961585,-67.97002377029835,69.95388274649451,0.0038631316313287,-0.1323567612213396,0.1362198928526684,pyruvate kinase pkm isoform x2,pyruvate kinase pkm isoform x2,pyruvate kinase,Immunogenicity,Immunogenic response,Catalyzes the conversion of phosphoenolpyruvate to pyruvate and plays a role in regulating cell metabolism
XP_027254100.1,alpha-enolase isoform X2 [Cricetulus griseus],True,True,True,True,True,True,True,True,True,True,True,False,True,True,False,True,True,True,False,6.2892524773508205,47152.30890000006,1.3824884792626728,6.0,-2.594502894470937,-57.97692286128206,55.38241996681112,-0.0057929400844382,-0.1294493990086649,0.1236564589242267,alpha-enolase isoform x2,alpha enolase isoform x2,alpha enolase,Drug quality,Modification of drug,Catalyzes the dehydration of 2-phosphoglycerate to phosphoenolpyruvate
NP_001233703.1,protein disulfide-isomerase A3 precursor [Cricetulus griseus],True,True,True,True,True,True,True,True,True,True,True,False,True,False,False,False,True,True,False,6.288335865063492,56795.732700000015,1.5841584158415842,8.0,-3.807902009363655,-77.9726042232167,74.16470221385305,-0.0075102687652952,-0.1537842130932912,0.1462739443279959,protein disulfide-isomerase a3 precursor,protein disulfide isomerase a3 precursor,protein disulfide isomerase,Drug quality,Aggregation of drugs,Catalyzes the formation and breakage of disulfide bonds
XP_027260201.1,serine protease HTRA1 isoform X3 [Cricetulus griseus],True,True,True,True,True,True,True,False,False,True,True,True,True,True,False,True,True,False,False,9.184247173025677,50200.21100000005,3.411513859275053,16.0,4.408823544261046,-55.97502826480553,60.38385180906658,0.0094413161763008,-0.1198682447868267,0.1293095609631276,serine protease htra1 isoform x3,serine protease htra1 isoform x3,serine protease,Drug quality,Modification of drug,Degrades proteoglycans and potentially clip N-terminus
XP_027251267.1,glutathione S-transferase Mu 7 isoform X1 [Cricetulus griseus],True,True,True,True,True,True,True,True,True,True,True,False,False,False,False,False,True,False,False,6.788612819605017,25824.473900000008,1.376146788990826,3.0,-0.3907450639064501,-32.99265159865704,32.60190653475058,-0.0013033249170345,-0.1100465466605711,0.1087432217435366,glutathione s-transferase mu 7 isoform x1,glutathione s transferase mu 7 isoform x1,glutathione s transferase,Immunogenicity,Immunogenic response,Conjugates reduced glutathione to exogenous and endogenous hydrophobic electrophiles
XP_027244682.1,lipoprotein lipase isoform X2 [Cricetulus griseus],True,False,True,False,True,True,True,True,True,True,True,True,True,True,False,True,True,True,False,8.67637998866931,52944.50670000003,2.109704641350211,10.0,5.75402296027107,-54.985385713976285,60.73940867424735,0.0118924455758536,-0.1136440906798153,0.125536536255669,lipoprotein lipase isoform x2,lipoprotein lipase isoform x2,lipoprotein lipase,Formulation,Degradation of polysorbates,Catalyzes the hydrolysis of triacylglycerol of LDL and regulates the plasma concentrations of triglycerides and HDL
NP_001233694.1,peroxiredoxin-1 [Cricetulus griseus],True,True,True,True,True,True,True,True,True,True,True,True,True,True,False,True,True,True,False,9.049789503598165,22262.3456,2.512562814070352,5.0,2.6065143814684184,-23.995205179056267,26.601719560524685,0.0095982715231779,-0.0883603390798092,0.0979586106029872,peroxiredoxin-1,peroxiredoxin 1,peroxiredoxin,Immunogenicity,Immunogenic response,Regulates the intracellular concentration of hydrogen peroxide
XP_027269956.1,putative phospholipase B-like 2 [Cricetulus griseus],True,True,True,True,True,True,True,True,True,True,True,False,True,True,False,True,True,True,True,6.194392494636227,65540.10060000015,1.1965811965811968,7.0,-3.3472050183194995,-53.99576450373068,50.64855948541117,-0.0060005505369917,-0.0967984667550518,0.09079791621806,putative phospholipase b-like 2,putative phospholipase b like 2,phospholipase b like 2,Immunogenicity,Immunogenic response,Potentially catalyzes the hydrolysis of phospholipids into fatty acids
XP_027247784.1,annexin A5 [Cricetulus griseus],True,False,False,True,True,True,True,True,False,True,True,False,False,False,False,False,False,False,False,4.372944578198831,36064.4781,0.3115264797507788,1.0,-12.380444659754662,-54.980769353749785,42.60032469399512,-0.0330519176171594,-0.1467814694180937,0.1137295518009342,annexin a5,annexin a5,annexin a5,Immunogenicity,Immunogenic response,Binds with high affinity to phospholipids and serves as a marker for apoptosis
XP_027265420.1,cathepsin L1 [Cricetulus griseus],True,False,False,True,True,True,True,True,True,True,True,False,False,False,False,False,True,True,False,7.307110239803513,37247.795200000015,3.303303303303303,11.0,1.1789520481815077,-35.99155358174156,37.17050562992307,0.0030804153605138,-0.0940402407994166,0.0971206561599305,cathepsin l1,cathepsin l1,cathepsin l,Drug quality,Fragmentation of drug,Cysteine Protease responsible for intracellular proteolysis
XP_027273039.1,peroxiredoxin-6 isoform X2 [Cricetulus griseus],True,True,True,True,True,True,True,True,True,True,True,False,True,True,False,False,True,True,False,6.787018748500406,25004.578600000004,0.4464285714285714,1.0,-0.3884780002735384,-31.9896536140464,31.601175613772863,-0.0013239357896397,-0.1090209671795894,0.1076970313899497,peroxiredoxin-6 isoform x2,peroxiredoxin 6 isoform x2,peroxiredoxin,Immunogenicity,Immunogenic response,Regulates the intracellular concentration of hydrogen peroxide
XP_027282494.1,LOW QUALITY PROTEIN: carboxypeptidase D isoform X2 [Cricetulus griseus],True,True,True,False,False,False,True,True,True,True,False,False,True,False,False,False,True,True,False,6.337340427972761,152461.9512000004,1.3062409288824384,18.0,-18.792873227877877,-162.95245450291873,144.15958127504086,-0.0191895911271336,-0.1663923838125609,0.1472027926854273,low quality protein: carboxypeptidase d isoform x2,low quality protein: carboxypeptidase d isoform x2,carboxypeptidase d,Drug quality,Modification of drug,Serine exopeptidase that release C-terminal amino acids
XP_027251265.1,glutathione S-transferase Mu 6 [Cricetulus griseus],True,True,True,True,True,True,True,True,True,True,True,False,True,False,False,False,True,True,False,6.940850547209635,25559.05310000001,1.376146788990826,3.0,-0.1323091664301833,-31.99586969491444,31.86356052848426,-0.0004443654446461,-0.1074593639082717,0.1070149984636255,glutathione s-transferase mu 6,glutathione s transferase mu 6,glutathione s transferase,Immunogenicity,Immunogenic response,Conjugates reduced glutathione to exogenous and endogenous hydrophobic electrophiles
XP_027243958.1,peptidyl-prolyl cis-trans isomerase A isoform X2 [Cricetulus griseus],True,True,True,False,True,True,True,True,True,True,True,False,True,False,False,False,True,True,False,9.332498553477484,17899.075799999988,1.829268292682927,3.0,2.874222415290239,-18.99042600669767,21.86464842198791,0.0122409038529399,-0.0808775193032103,0.0931184231561503,peptidyl-prolyl cis-trans isomerase a isoform x2,peptidyl prolyl cis trans isomerase a isoform x2,peptidyl prolyl cis trans isomerase a,Drug quality,Aggregation of drugs,Catalyzes the cis–trans isomerization of peptide bonds N-terminal to proline residues
NP_001233622.2,protein disulfide-isomerase precursor [Cricetulus griseus],True,True,True,True,True,True,True,True,True,True,True,False,True,True,False,False,True,True,False,4.211218753120367,57113.857500000086,1.37524557956778,7.0,-31.52755948203114,-97.95373871529196,66.42617923326081,-0.0619502234997316,-0.1924746509321535,0.1305244274324218,protein disulfide-isomerase precursor,protein disulfide isomerase precursor,protein disulfide isomerase,Drug quality,Aggregation of drugs,Catalyzes the formation and breakage of disulfide bonds
XP_027275654.1,cathepsin Z [Cricetulus griseus],True,True,True,True,True,True,True,True,True,True,True,False,False,False,False,True,True,True,False,8.272813650120062,34027.923899999994,3.92156862745098,12.0,2.91244908686505,-29.000167153112997,31.91261623997805,0.008082546771054,-0.080480448032732,0.088562994803786,cathepsin z,cathepsin z,cathepsin z,Drug quality,Fragmentation of drug,Cysteine Protease responsible for intracellular proteolysis
NP_001233673.1,glutathione S-transferase P 1 [Cricetulus griseus],True,True,True,True,True,True,True,True,True,True,True,False,True,True,False,True,True,True,False,8.285847727883972,23637.941000000003,1.9047619047619049,4.0,1.866126944611452,-24.99822450425054,26.864351448862,0.0066025992812688,-0.0884469621004949,0.0950495613817638,glutathione s-transferase p 1,glutathione s transferase p 1,glutathione s transferase,Immunogenicity,Immunogenic response,Conjugates reduced glutathione to exogenous and endogenous hydrophobic electrophiles
XP_027251264.1,glutathione S-transferase Mu 3 [Cricetulus griseus],True,True,True,True,True,True,True,True,True,True,True,False,True,True,False,True,True,True,False,6.788377268204553,26966.974800000015,3.9647577092511015,9.0,-0.3903372298734604,-32.991502843746325,32.60116561387286,-0.001264926649512,-0.1069122491032573,0.1056473224537453,glutathione s-transferase mu 3,glutathione s transferase mu 3,glutathione s transferase,Immunogenicity,Immunogenic response,Conjugates reduced glutathione to exogenous and endogenous hydrophobic electrophiles
XP_027280477.1,protein disulfide-isomerase A6 isoform X2 [Cricetulus griseus],True,False,False,True,True,True,True,True,True,True,True,False,True,False,False,False,True,False,False,4.493892891894249,48689.48980000004,1.5730337078651686,7.0,-12.85352734062136,-65.97531120790246,53.12178386728109,-0.0280917651745596,-0.1441909991441534,0.1160992339695937,protein disulfide-isomerase a6 isoform x2,protein disulfide isomerase a6 isoform x2,protein disulfide isomerase,Drug quality,Aggregation of drugs,Catalyzes the formation and breakage of disulfide bonds
XP_027251276.1,glutathione S-transferase Y1 isoform X2 [Cricetulus griseus],True,False,False,True,True,True,True,True,True,True,True,False,False,False,False,False,True,False,False,9.272523125661252,21905.1622,1.6304347826086956,3.0,3.34588542342922,-26.99365619640997,30.339541619839192,0.0124545183131011,-0.1004795272072339,0.112934045520335,glutathione s-transferase y1 isoform x2,glutathione s transferase y1 isoform x2,glutathione s transferase,Immunogenicity,Immunogenic response,Conjugates reduced glutathione to exogenous and endogenous hydrophobic electrophiles
XP_027247933.1,matrix metalloproteinase-19 [Cricetulus griseus],True,True,True,True,True,True,True,True,True,True,True,False,True,False,False,False,True,True,False,8.248258150078629,58941.25660000008,0.7619047619047619,4.0,4.486484932084171,-54.99326553723679,59.47975046932096,0.0086325706101596,-0.1058140738283776,0.1144466444385373,matrix metalloproteinase-19,matrix metalloproteinase 19,matrix metalloproteinase,Drug quality,Degradation of drug,Endopeptidases responsible for the degradation of extracellular matrix proteins
XP_027251272.1,glutathione S-transferase Mu 1 isoform X2 [Cricetulus griseus],True,False,False,False,True,True,True,True,True,True,True,False,False,False,False,False,False,False,False,5.663357800410411,25466.088800000016,1.834862385321101,4.0,-2.391827257591727,-30.993526818316408,28.601699560724683,-0.0080525821551192,-0.1043461312639599,0.0962935491088407,glutathione s-transferase mu 1 isoform x2,glutathione s transferase mu 1 isoform x2,glutathione s transferase,Immunogenicity,Immunogenic response,Conjugates reduced glutathione to exogenous and endogenous hydrophobic electrophiles
XP_027248597.1,glutathione S-transferase alpha-3 [Cricetulus griseus],False,False,False,False,True,True,True,False,False,False,True,False,False,False,False,False,False,False,False,8.847584130341664,25501.239300000016,0.4524886877828055,1.0,2.8710727721552933,-32.99195380947715,35.86302658163244,0.0096571770960185,-0.1109721577842862,0.1206293348803047,glutathione s-transferase alpha-3,glutathione s transferase alpha 3,glutathione s transferase,Immunogenicity,Immunogenic response,Conjugates reduced glutathione to exogenous and endogenous hydrophobic electrophiles
NP_001233709.1,peroxiredoxin-2 [Cricetulus griseus],True,True,True,True,True,True,True,True,True,True,True,False,True,True,False,True,True,True,False,5.0268530043170365,21812.4509,1.5151515151515151,3.0,-4.866644350471158,-26.993430713544555,22.1267863630734,-0.0181665929251899,-0.1007632019339584,0.0825966090087684,peroxiredoxin-2,peroxiredoxin 2,peroxiredoxin,Immunogenicity,Immunogenic response,Regulates the intracellular concentration of hydrogen peroxide
XP_027262178.1,lysosomal acid lipase/cholesteryl ester hydrolase [Cricetulus griseus],True,True,True,True,True,True,True,True,True,True,True,False,True,True,False,True,True,True,False,7.905739320470202,45634.76430000001,1.2594458438287155,5.0,4.793257303941871,-35.99713589518065,40.79039319912252,0.0109382300832394,-0.0821455911484899,0.0930838212317293,lysosomal acid lipase/cholesteryl ester hydrolase,lysosomal acid lipase/cholesteryl ester hydrolase,lysosomal acid lipase,Formulation,Degradation of polysorbates,Hydrolyzes cholesteryl esters and triglycerides
XP_027262856.1,glutathione S-transferase omega-1 isoform X6 [Cricetulus griseus],True,False,False,False,True,True,True,False,False,True,True,False,False,False,False,False,False,False,False,8.908625081490968,27458.42410000002,2.083333333333333,5.0,2.613044708712009,-33.98758695830902,36.60063166702104,0.0083664898346211,-0.1088220189428585,0.1171885087774797,glutathione s-transferase omega-1 isoform x6,glutathione s transferase omega 1 isoform x6,glutathione s transferase,Immunogenicity,Immunogenic response,Conjugates reduced glutathione to exogenous and endogenous hydrophobic electrophiles
XP_027264700.1,cathepsin D [Cricetulus griseus],True,True,True,True,True,True,True,True,True,True,True,False,True,False,False,False,True,True,False,7.048577719975857,44110.390099999975,1.96078431372549,8.0,0.1271119003174469,-37.99556288634139,38.122674786658834,0.0002967147471807,-0.0886922767078163,0.0889889914549971,cathepsin d,cathepsin d,cathepsin d,Drug quality,Fragmentation of drug,Aspartyl protease with activity in both acidic and neutral pH
XP_027249161.1,LOW QUALITY PROTEIN: protein S100-A13 [Cricetulus griseus],True,False,False,False,True,True,True,False,False,True,True,False,False,False,False,False,False,False,False,5.18455640017299,18553.06260000001,1.2048192771084338,2.0,-2.643229281609107,-24.98433274240376,22.341103460794656,-0.0109910187741149,-0.1038893115103983,0.0928982927362833,low quality protein: protein s100-a13,low quality protein: protein s100 a13,protein s100,Immunogenicity,Immunogenic response,"Regulates calcium balance, cell apoptosis, migration, proliferation, differentiation, energy metabolism, and inflammation"
XP_027280693.1,brain-specific serine protease 4 isoform X1 [Cricetulus griseus],True,True,True,True,True,True,True,True,True,True,True,False,True,False,False,False,True,False,False,7.645898587098376,40185.91950000003,3.252032520325204,12.0,1.6634134905981162,-31.987785729372163,33.65119921997027,0.0041317223774294,-0.0794538765312912,0.0835855989087207,brain-specific serine protease 4 isoform x1,brain specific serine protease 4 isoform x1,serine protease,Drug quality,Modification of drug,Degrades proteoglycans and potentially clip N-terminus
XP_027266901.1,glutathione S-transferase A4 [Cricetulus griseus],True,False,False,True,True,True,True,False,False,True,True,False,False,False,False,False,False,False,False,6.790796808150314,25757.65170000001,0.0,0.0,-0.3872990995280121,-32.98871168702678,32.601412587498764,-0.0012940642195767,-0.1102236268975008,0.1089295626779241,glutathione s-transferase a4,glutathione s transferase a4,glutathione s transferase,Immunogenicity,Immunogenic response,Conjugates reduced glutathione to exogenous and endogenous hydrophobic electrophiles
XP_027281700.1,transforming growth factor beta receptor type 3 [Cricetulus griseus],True,False,False,True,True,True,True,True,False,True,True,False,False,False,False,False,True,True,False,5.909313204462807,93764.19710000049,1.884570082449941,16.0,-14.60473862146728,-93.96240302465864,79.35766440319135,-0.0206212956596217,-0.1326710832614244,0.1120497876018026,transforming growth factor beta receptor type 3,transforming growth factor beta receptor type 3,transforming growth factor,Biological function in humans,Cytokine release,Maintains immune homeostasis and immune suppression
XP_027246161.1,cathepsin B [Cricetulus griseus],True,True,True,True,True,True,True,True,True,True,True,False,True,False,False,False,True,True,False,6.099707830160757,37503.76550000001,4.71976401179941,16.0,-6.033365522304197,-37.99232076389102,31.958955241586825,-0.0156924194141005,-0.0988157322373412,0.0831233128232407,cathepsin b,cathepsin b,cathepsin b,Drug quality,Fragmentation of drug,Cysteine Protease responsible for intracellular proteolysis
XP_027249198.1,protein S100-A10 [Cricetulus griseus],False,True,True,False,True,False,True,True,True,True,True,False,True,False,False,False,True,True,False,6.782567656063573,11247.05889999999,2.061855670103093,2.0,-0.3909609478083874,-15.99451932261445,15.603558374806063,-0.0022696257604518,-0.0928521717684269,0.090582546007975,protein s100-a10,protein s100 a10,protein s100,Immunogenicity,Immunogenic response,"Regulates calcium balance, cell apoptosis, migration, proliferation, differentiation, energy metabolism, and inflammation"
XP_027251270.1,glutathione S-transferase isoform X1 [Cricetulus griseus],False,False,False,False,True,False,True,False,False,False,True,False,False,False,False,False,False,False,False,8.250751714113486,25694.34890000001,1.834862385321101,4.0,1.8687979477431889,-31.99424863368926,33.86304658143244,0.006254377969971,-0.107076382474613,0.113330760444584,glutathione s-transferase isoform x1,glutathione s transferase isoform x1,glutathione s transferase,Immunogenicity,Immunogenic response,Conjugates reduced glutathione to exogenous and endogenous hydrophobic electrophiles
XP_027250026.1,glutathione S-transferase theta-2 [Cricetulus griseus],False,False,False,False,True,True,True,False,False,False,True,False,False,False,False,False,False,False,False,7.264438624995613,27776.06290000002,2.0491803278688523,5.0,0.9244929638375852,-28.988143275940452,29.91263623977804,0.0029374467676185,-0.0921057607747626,0.0950432075423811,glutathione s-transferase theta-2,glutathione s transferase theta 2,glutathione s transferase,Immunogenicity,Immunogenic response,Conjugates reduced glutathione to exogenous and endogenous hydrophobic electrophiles
XP_027264258.1,"peroxiredoxin-5, mitochondrial [Cricetulus griseus]",False,False,False,False,False,False,True,True,False,False,True,False,False,False,False,False,True,False,False,10.22280054919127,22559.757800000007,1.4084507042253522,3.0,6.353667509433516,-22.98637805755749,29.34004556699101,0.0231907635873978,-0.0838998355629868,0.1070905991503846,"peroxiredoxin-5, mitochondrial",peroxiredoxin 5 mitochondrial,peroxiredoxin,Immunogenicity,Immunogenic response,Regulates the intracellular concentration of hydrogen peroxide
XP_027281878.1,latent-transforming growth factor beta-binding protein 1 isoform X12 [Cricetulus griseus],False,True,True,False,True,True,True,True,True,False,False,False,False,False,False,False,True,False,False,6.047780240112951,186439.39199999967,8.644859813084112,148.0,-26.04022171205276,-185.935035311349,159.89481359929624,-0.023252326462842,-0.1660286225573281,0.1427762960944861,latent-transforming growth factor beta-binding protein 1 isoform x12,latent transforming growth factor beta binding protein 1 isoform x12,transforming growth factor,Biological function in humans,Cytokine release,Maintains immune homeostasis and immune suppression
XP_027249196.1,protein S100-A11 [Cricetulus griseus],True,True,True,True,True,True,True,True,True,True,True,False,True,False,False,False,False,False,False,7.106854484311782,11240.80979999999,3.0,3.0,0.086485265052734,-13.993301174734166,14.0797864397869,0.0005022545819052,-0.0812647059207635,0.0817669605026687,protein s100-a11,protein s100 a11,protein s100,Immunogenicity,Immunogenic response,"Regulates calcium balance, cell apoptosis, migration, proliferation, differentiation, energy metabolism, and inflammation"
XP_027249169.1,protein S100-A6 isoform X1 [Cricetulus griseus],True,True,True,False,True,True,True,True,True,True,True,False,True,False,False,False,True,True,False,4.880652248760716,10050.499299999994,1.1235955056179776,1.0,-2.6523596091534967,-15.994047016299978,13.341687407146482,-0.0165966652130581,-0.1000798846488847,0.0834832194358265,protein s100-a6 isoform x1,protein s100 a6 isoform x1,protein s100,Immunogenicity,Immunogenic response,"Regulates calcium balance, cell apoptosis, migration, proliferation, differentiation, energy metabolism, and inflammation"
XP_027285235.1,"serine protease HTRA2, mitochondrial [Cricetulus griseus]",False,False,False,False,True,False,True,True,False,True,False,False,False,False,False,False,True,False,False,10.052032143661132,47798.35340000004,0.2232142857142857,1.0,8.404626579826957,-39.98453167418372,48.389158254010674,0.0185961618762024,-0.0884701796677053,0.1070663415439078,"serine protease htra2, mitochondrial",serine protease htra2 mitochondrial,serine protease,Drug quality,Modification of drug,Degrades proteoglycans and potentially clip N-terminus
XP_027260200.1,serine protease HTRA1 isoform X2 [Cricetulus griseus],False,False,False,False,False,False,False,True,True,False,False,False,False,False,False,False,False,True,False,9.15727515861746,51272.382000000034,3.333333333333333,16.0,4.407900272215746,-55.97595153685083,60.38385180906658,0.0093072836597997,-0.1181932500525445,0.1275005337123442,serine protease htra1 isoform x2,serine protease htra1 isoform x2,serine protease,Drug quality,Modification of drug,Degrades proteoglycans and potentially clip N-terminus
XP_027284320.1,protein disulfide-isomerase A4 [Cricetulus griseus],False,False,False,False,False,False,False,True,False,False,True,False,True,False,False,False,True,True,False,4.497411463196174,72585.21010000036,0.9345794392523364,6.0,-24.277212250995536,-113.96134784962727,89.68413559863174,-0.0406580840526382,-0.1908559356699651,0.1501978516173268,protein disulfide-isomerase a4,protein disulfide isomerase a4,protein disulfide isomerase,Drug quality,Aggregation of drugs,Catalyzes the formation and breakage of disulfide bonds
XP_027270673.1,pyruvate kinase PKM isoform X1 [Cricetulus griseus],False,True,True,False,False,False,False,True,True,False,False,False,True,False,False,False,True,False,False,7.223209161151875,57977.25270000013,1.694915254237288,9.0,1.246006917181658,-67.97002377029835,69.21603068748001,0.0024239791773085,-0.1322287380819946,0.1346527172593031,pyruvate kinase pkm isoform x1,pyruvate kinase pkm isoform x1,pyruvate kinase,Immunogenicity,Immunogenic response,Catalyzes the conversion of phosphoenolpyruvate to pyruvate and plays a role in regulating cell metabolism
XP_027269631.1,matrix metalloproteinase-17 isoform X2 [Cricetulus griseus],False,False,False,False,False,False,False,True,False,False,False,False,False,False,False,False,False,False,False,6.550531243462891,65342.75890000027,1.0221465076660987,6.0,-4.934173343142004,-69.98769935387956,65.05352601073754,-0.0088633168996113,-0.1257197741766304,0.116856457277019,matrix metalloproteinase-17 isoform x2,matrix metalloproteinase 17 isoform x2,matrix metalloproteinase,Drug quality,Degradation of drug,Endopeptidases responsible for the degradation of extracellular matrix proteins
NP_001233698.1,matrix metalloproteinase-14 precursor [Cricetulus griseus],False,False,False,False,False,False,False,True,False,False,True,False,False,False,False,False,True,False,False,8.201532081738902,66067.36250000018,0.859106529209622,5.0,3.971632597879184,-67.98272409606714,71.95435669394632,0.0070820328972023,-0.1212236722870265,0.1283057051842288,matrix metalloproteinase-14 precursor,matrix metalloproteinase 14 precursor,matrix metalloproteinase,Drug quality,Degradation of drug,Endopeptidases responsible for the degradation of extracellular matrix proteins
XP_027259446.1,protein disulfide-isomerase TMX3 isoform X5 [Cricetulus griseus],False,False,False,False,False,False,False,True,False,False,False,False,False,False,False,False,True,False,False,4.421103958344893,52123.75410000008,1.3043478260869563,6.0,-17.812289382362177,-70.98214106663343,53.16985168427124,-0.0371999883204245,-0.1482423040607099,0.1110423157402854,protein disulfide-isomerase tmx3 isoform x5,protein disulfide isomerase tmx3 isoform x5,protein disulfide isomerase,Drug quality,Aggregation of drugs,Catalyzes the formation and breakage of disulfide bonds
XP_027288513.1,peroxiredoxin-4 isoform X5 [Cricetulus griseus],True,True,True,False,False,False,False,False,True,False,False,False,True,True,False,False,False,True,False,6.907255780187102,31135.20890000001,1.45985401459854,4.0,-0.3398055169543719,-35.9895028953692,35.64969737841482,-0.0010005591223506,-0.1059712795530143,0.1049707204306636,peroxiredoxin-4 isoform x5,peroxiredoxin 4 isoform x5,peroxiredoxin,Immunogenicity,Immunogenic response,Regulates the intracellular concentration of hydrogen peroxide
XP_027279237.1,matrix metalloproteinase-9 [Cricetulus griseus],False,False,True,False,False,False,False,False,True,False,False,False,False,False,False,False,False,False,False,5.675369414918781,78892.8044000004,2.535211267605634,18.0,-10.248312473951463,-81.99032785918381,71.74201538523235,-0.0162358220302646,-0.1298926408331388,0.1136568188028742,matrix metalloproteinase-9,matrix metalloproteinase 9,matrix metalloproteinase,Drug quality,Degradation of drug,Endopeptidases responsible for the degradation of extracellular matrix proteins
XP_027249183.1,protein S100-A4 [Cricetulus griseus],False,False,False,False,False,False,False,False,True,False,False,False,False,False,False,False,False,False,False,4.725353931191448,11848.48709999999,3.96039603960396,4.0,-2.911187540055556,-19.99045003289063,17.079262492835078,-0.0163233178236568,-0.112088439798206,0.0957651219745492,protein s100-a4,protein s100 a4,protein s100,Immunogenicity,Immunogenic response,"Regulates calcium balance, cell apoptosis, migration, proliferation, differentiation, energy metabolism, and inflammation"
XP_027267631.1,sialate O-acetylesterase isoform X2 [Cricetulus griseus],True,False,False,True,True,True,False,False,False,True,False,False,False,False,False,False,False,False,False,9.363922403788214,61416.56810000016,2.5454545454545454,14.0,8.69903906943021,-45.99532547073791,54.69436454016812,0.0162852502912451,-0.0861066816161927,0.1023919319074379,sialate o-acetylesterase isoform x2,sialate o acetylesterase isoform x2,sialate o acetylesterase,Formulation,Degradation of polysorbates,Hydrolyzes carboxylic acid ester bonds
XP_027264538.1,glutathione S-transferase P 2 isoform X2 [Cricetulus griseus],False,False,False,False,False,False,False,False,False,False,True,False,False,False,False,False,False,False,False,9.632683116420152,25531.30150000001,0.9009009009009008,2.0,6.39330245915343,-25.994780925127724,32.38808338428115,0.021487710007689,-0.0873677286193206,0.1088554386270097,glutathione s-transferase p 2 isoform x2,glutathione s transferase p 2 isoform x2,glutathione s transferase,Immunogenicity,Immunogenic response,Conjugates reduced glutathione to exogenous and endogenous hydrophobic electrophiles
XP_027248601.1,glutathione S-transferase A6 isoform X2 [Cricetulus griseus],False,False,False,False,False,False,False,False,False,False,True,False,False,False,False,False,False,False,False,9.311486567319507,19823.049699999992,0.0,0.0,3.607044589891964,-21.99443799690681,25.601482586798777,0.0143510843610047,-0.0875076609951063,0.101858745356111,glutathione s-transferase a6 isoform x2,glutathione s transferase a6 isoform x2,glutathione s transferase,Immunogenicity,Immunogenic response,Conjugates reduced glutathione to exogenous and endogenous hydrophobic electrophiles
NP_001231068.1,C-X-C motif chemokine 3 precursor [Cricetulus griseus],False,False,False,False,False,False,False,False,False,False,True,False,False,False,False,False,False,False,False,10.343533049188462,11036.032799999986,3.96039603960396,4.0,4.347592046759856,-9.994579307738444,14.3421713544983,0.0255595762914387,-0.0587583217490154,0.0843178980404542,c-x-c motif chemokine 3 precursor,c x c motif chemokine 3 precursor,c x c motif chemokine 3,Biological function in humans,Immunogenic response,Cytokine with potential oncogenic properties
XP_027262994.1,kazal-type serine protease inhibitor domain-containing protein 1 isoform X2 [Cricetulus griseus],False,True,False,False,False,False,False,False,False,False,False,False,False,False,False,False,True,False,False,4.060672449442946,33433.56600000003,5.863192182410423,18.0,-16.852302961259245,-40.98153906079173,24.129236099532488,-0.0473206800387199,-0.1150747349990154,0.0677540549602954,kazal-type serine protease inhibitor domain-containing protein 1 isoform x2,kazal type serine protease inhibitor domain containing protein 1 isoform x2,serine protease,Drug quality,Modification of drug,Degrades proteoglycans and potentially clip N-terminus
XP_027251268.1,glutathione S-transferase Mu 2 isoform X2 [Cricetulus griseus],False,False,False,False,False,False,False,False,False,False,False,False,False,False,False,False,False,True,False,6.78853412830356,25550.15090000001,1.851851851851852,4.0,-0.3921407924430687,-32.99380035356775,32.60165956112468,-0.0013173258943566,-0.1108366902820925,0.1095193643877359,glutathione s-transferase mu 2 isoform x2,glutathione s transferase mu 2 isoform x2,glutathione s transferase,Immunogenicity,Immunogenic response,Conjugates reduced glutathione to exogenous and endogenous hydrophobic electrophiles
XP_027244681.1,lipoprotein lipase isoform X1 [Cricetulus griseus],False,True,False,False,False,False,False,False,False,False,False,False,False,False,False,False,False,False,False,8.676229215166355,54232.05980000002,2.4742268041237114,12.0,5.754214417043522,-55.98518425730383,61.73939867434735,0.0117038521575758,-0.1138717246304468,0.1255755767880226,lipoprotein lipase isoform x1,lipoprotein lipase isoform x1,lipoprotein lipase,Formulation,Degradation of polysorbates,Catalyzes the hydrolysis of triacylglycerol of LDL and regulates the plasma concentrations of triglycerides and HDL
XP_027286179.1,transforming growth factor beta-1 proprotein isoform X2 [Cricetulus griseus],False,True,True,False,False,False,False,False,False,False,False,False,False,False,False,False,False,False,False,9.696379665832678,44307.49840000001,3.076923076923077,12.0,10.70510475055571,-40.991018604693785,51.69612335524949,0.0249145446290513,-0.0954005202390853,0.1203150648681367,transforming growth factor beta-1 proprotein isoform x2,transforming growth factor beta 1 proprotein isoform x2,transforming growth factor,Biological function in humans,Cytokine release,Maintains immune homeostasis and immune suppression
XP_027264352.1,LOW QUALITY PROTEIN: latent-transforming growth factor beta-binding protein 3 isoform X4 [Cricetulus griseus],False,True,True,False,False,False,False,False,False,False,False,False,False,False,False,False,False,False,False,6.178634025180922,139354.15070000064,9.692307692307692,126.0,-19.13294226571067,-147.94329101471843,128.8103487490078,-0.0207434986788819,-0.160396734547888,0.139653235869006,low quality protein: latent-transforming growth factor beta-binding protein 3 isoform x4,low quality protein: latent transforming growth factor beta binding protein 3 isoform x4,transforming growth factor,Biological function in humans,Cytokine release,Maintains immune homeostasis and immune suppression
XP_027247624.1,peptidyl-prolyl cis-trans isomerase A-like [Cricetulus griseus],False,False,False,False,True,True,False,False,False,False,False,False,False,False,False,False,False,False,False,7.053149276629649,17911.099699999988,2.4390243902439024,4.0,0.1354455932699402,-18.99112379587756,19.12656938914749,0.0005765852989963,-0.0808442897828345,0.0814208750818308,peptidyl-prolyl cis-trans isomerase a-like,peptidyl prolyl cis trans isomerase a like,peptidyl prolyl cis trans isomerase a,Drug quality,Aggregation of drugs,Catalyzes the cis–trans isomerization of peptide bonds N-terminal to proline residues
